name,cc,lat,lon,population
Shanghai,CN,31.2222,121.4581,24874500
Beijing,CN,39.9075,116.3972,18960744
Shenzhen,CN,22.5455,114.0683,17494398
Guangzhou,CN,23.1167,113.25,16096724
Kinshasa,CD,-4.3276,15.3136,16000000
Istanbul,TR,41.0138,28.9497,15701602
Lagos,NG,6.4541,3.3947,15388000
Ho Chi Minh City,VN,10.823,106.6296,14002598
Chengdu,CN,30.6667,104.0667,13568357
Lahore,PK,31.558,74.3507,13004135
Mumbai,IN,19.0728,72.8826,12691836
São Paulo,BR,-23.5475,-46.6361,12400232
Mexico City,MX,19.4285,-99.1277,12294193
Karachi,PK,24.8608,67.0104,11624219
Tianjin,CN,39.1422,117.1767,11090314
Delhi,IN,28.6519,77.2315,11034555
Wuhan,CN,30.5833,114.2667,10392693
Moscow,RU,55.752,37.6178,10381222
Dhaka,BD,23.7104,90.4074,10356500
Seoul,KR,37.566,126.9784,10349312
Tokyo,JP,35.6895,139.6917,9733276
Dongguan,CN,23.018,113.7487,9644871
Cairo,EG,30.0626,31.2497,9606916
Xi’an,CN,34.2583,108.9286,9600000
Johannesburg,ZA,-26.2023,28.0436,9418183
Nanjing,CN,32.0617,118.7778,9314685
Hangzhou,CN,30.2936,120.1614,9236032
Foshan,CN,23.0268,113.1315,9042509
London,GB,51.5085,-0.1257,8961989
New York City,US,40.7143,-74.006,8804190
Jakarta,ID,-6.2146,106.8451,8540121
Bengaluru,IN,12.9719,77.5937,8495492
Hanoi,VN,21.0245,105.8412,8053663
Taipei,TW,25.0531,121.5264,7871900
Lima,PE,-12.0432,-77.0282,7737002
Bogotá,CO,4.6097,-74.0817,7674366
Chongqing,CN,29.5603,106.5577,7457599
Hong Kong,HK,22.2783,114.1747,7396076
Baghdad,IQ,33.3406,44.4009,7216000
Wuzhong,CN,37.9867,106.201,7202654
Qingdao,CN,36.0649,120.3804,7172451
Tehran,IR,35.6944,51.4215,7153309
Shenyang,CN,41.7922,123.4328,7050000
Hyderabad,IN,17.384,78.4564,6993262
Rio de Janeiro,BR,-22.9064,-43.1822,6747815
Suzhou,CN,31.3041,120.5954,6715559
Puxi,CN,31.2441,121.4659,6683712
Ahmedabad,IN,23.0258,72.5873,6357693
Abidjan,CI,5.3544,-4.0017,6321017
Pudong,CN,31.24,121.5009,5681512
Sydney,AU,-33.8678,151.2073,5638830
Singapore,SG,1.2897,103.8501,5638700
Melbourne,AU,-37.814,144.9633,5435590
Dar es Salaam,TZ,-6.8235,39.2695,5383728
Saint Petersburg,RU,59.9386,30.3141,5351935
Alexandria,EG,31.2018,29.9158,5263542
Harbin,CN,45.75,126.65,5242897
Bangkok,TH,13.754,100.5014,5104476
Hefei,CN,31.8639,117.2808,5050000
Dalian,CN,38.9122,121.6022,4913879
Kano,NG,12.0001,8.5167,4910000
Santiago,CL,-33.4569,-70.6483,4837295
Cape Town,ZA,-33.9258,18.4232,4772846
Peshawar,PK,34.008,71.5785,4758762
Changchun,CN,43.88,125.3228,4714996
Jeddah,SA,21.4901,39.1862,4697000
Chennai,IN,13.0878,80.2785,4681087
Kolkata,IN,22.5626,88.363,4631392
Xiamen,CN,24.4798,118.0819,4617251
Surat,IN,21.1959,72.8302,4591246
Yangon,MM,16.8053,96.1561,4477638
Bao'an,CN,22.5521,113.8829,4476554
Kabul,AF,34.5281,69.1723,4434550
Nairobi,KE,-1.2833,36.8167,4397073
Wuxi,CN,31.5689,120.2886,4396835
Giza,EG,30.0094,31.2086,4367343
Jinan,CN,36.6683,116.9972,4335989
Taiyuan,CN,37.8694,112.5603,4303673
Zhengzhou,CN,34.7578,113.6486,4253913
Bamako,ML,12.6091,-7.9752,4227569
Riyadh,SA,24.6877,46.7219,4205961
New Taipei City,TW,25.062,121.457,4004367
New Territories,HK,22.4244,114.111,3984077
Shijiazhuang,CN,38.0414,114.4786,3938513
Chattogram,BD,22.3384,91.8317,3920222
Addis Ababa,ET,9.025,38.7469,3860000
Kunming,CN,25.0389,102.7183,3855346
Zhongshan,CN,22.5231,113.3791,3841873
Nanning,CN,22.8167,108.3167,3839800
Shantou,CN,23.3549,116.6788,3838900
Los Angeles,US,34.0522,-118.2437,3820914
Faisalabad,PK,31.4155,73.0897,3800193
Dubai,AE,25.0772,55.3093,3790000
Yokohama,JP,35.4333,139.65,3777491
Fuzhou,CN,26.0614,119.3061,3740000
Ningbo,CN,29.8782,121.5494,3731203
Casablanca,MA,33.5883,-7.6114,3665954
Ibadan,NG,7.3776,3.9059,3649000
Puyang,CN,29.4568,119.8887,3590000
Ankara,TR,39.9199,32.8543,3517182
Shiyan,CN,32.6475,110.7781,3460000
Berlin,DE,52.5244,13.4105,3426354
Tangshan,CN,39.6438,118.1832,3372102
Rawalpindi,PK,33.5973,73.0479,3357612
Lüliang,CN,37.5192,111.1444,3346500
Durban,ZA,-29.8579,31.0292,3338026
Changzhou,CN,31.7736,119.954,3290918
Busan,KR,35.1017,129.03,3285147
Madrid,ES,40.4165,-3.7026,3255944
Pyongyang,KP,39.0339,125.7543,3222000
Zibo,CN,36.7906,118.0633,3129228
Pune,IN,18.5196,73.8554,3124458
Bursa,TR,40.1956,29.0601,3101833
Changsha,CN,28.1987,112.9709,3093980
Quezon City,PH,14.6488,121.0509,3084270
Jaipur,IN,26.9196,75.7878,3046163
Guiyang,CN,26.5833,106.7167,3037159
Ürümqi,CN,43.801,87.6005,3029372
Surabaya,ID,-7.2492,112.7508,3018022
Incheon,KR,37.4565,126.7052,3015482
Lanzhou,CN,36.057,103.8399,3000000
Caracas,VE,10.488,-66.8792,3000000
Kyiv,UA,50.4547,30.5238,2952301
İzmir,TR,38.4127,27.1384,2938292
Huizhou,CN,23.1115,114.4152,2900113
Buenos Aires,AR,-34.6131,-58.3772,2891082
Haikou,CN,20.0342,110.3465,2873358
Taichung,TW,24.1469,120.6839,2850285
Kanpur,IN,26.4652,80.3498,2823249
Toronto,CA,43.7064,-79.3986,2794356
Quito,EC,-0.2298,-78.525,2781641
Brisbane,AU,-27.4679,153.0281,2780063
Luanda,AO,-8.8368,13.2343,2776168
Osaka,JP,34.6938,135.5011,2753862
Linyi,CN,35.0631,118.3428,2743843
Baoding,CN,38.8729,115.4625,2739887
Kaohsiung,TW,22.6163,120.3133,2737660
Brooklyn,US,40.6501,-73.9496,2736074
Guayaquil,EC,-2.1962,-79.8862,2723665
Belo Horizonte,BR,-19.9208,-43.9378,2721564
Minhang,CN,31.1088,121.3747,2716600
Bazhong,CN,31.8694,106.7443,2712894
Salvador,BR,-12.9756,-38.491,2711840
Abuja,NG,9.0579,7.4951,2690000
Gazipur,BD,23.9984,90.4223,2674697
Chicago,US,41.85,-87.65,2664452
Wenzhou,CN,27.9994,120.6668,2650000
Bekasi,ID,-6.2349,106.9896,2648272
Dakar,SN,14.6937,-17.4441,2646503
Haiphong,VN,20.8648,106.6834,2625200
Yunfu,CN,22.9279,112.0381,2612800
Navi Mumbai,IN,19.0368,73.0158,2600000
Mogadishu,SO,2.0371,45.3438,2587183
Kumasi,GH,6.6885,-1.6244,2544530
Bandung,ID,-6.9222,107.6069,2528163
Gujranwala,PK,32.1557,74.187,2511118
Huai'an,CN,33.5886,119.0192,2494013
Medan,ID,3.5833,98.6667,2486283
Lucknow,IN,26.8393,80.9231,2472011
Ouagadougou,BF,12.3657,-1.5339,2415266
Nagpur,IN,21.1463,79.0849,2405665
Fortaleza,BR,-3.7172,-38.5431,2400000
Cali,CO,3.4305,-76.5199,2392877
Perth,AU,-31.9522,115.8614,2384371
Daegu,KR,35.8703,128.5911,2365523
Algiers,DZ,36.7323,3.0875,2364230
Nanchang,CN,28.684,115.8531,2357839
Baku,AZ,40.3777,49.892,2351300
Hohhot,CN,40.8106,111.6522,2350000
Nagoya,JP,35.1815,136.9064,2332176
Rome,IT,41.8919,12.5113,2318895
Queens,US,40.6815,-73.8365,2316841
Houston,US,29.7633,-95.3633,2314157
Mashhad,IR,36.2981,59.6057,2307177
Shaoxing,CN,30.0024,120.5786,2300000
Nantong,CN,32.0303,120.8747,2273326
Baoshan,CN,31.4084,121.4896,2265900
Kowloon,HK,22.3167,114.1833,2232339
Yantai,CN,37.4765,121.4408,2227733
Gaziantep,TR,37.0594,37.3825,2222415
Lubumbashi,CD,-11.6609,27.4794,2221925
Manaus,BR,-3.1019,-60.025,2219580
Lusaka,ZM,-15.4067,28.2871,2212301
Brasília,BR,-15.7797,-47.9297,2207718
Zhuhai,CN,22.2769,113.5678,2207090
Santo Domingo,DO,18.4719,-69.8923,2201941
Lomé,TG,6.1287,1.2215,2188376
Multan,PK,30.1968,71.4782,2169915
Havana,CU,23.133,-82.383,2163824
Depok,ID,-6.4,106.8186,2163635
Baotou,CN,40.6516,109.8439,2150000
Paris,FR,48.8534,2.3488,2138551
Coimbatore,IN,11.0055,76.9661,2136916
Qingyang,CN,35.7098,107.6445,2125400
Port Harcourt,NG,4.7774,7.0134,2120000
Pretoria,ZA,-25.7449,28.1878,2112693
Córdoba,AR,-31.4065,-64.1885,2106734
Mbuji-Mayi,CD,-6.136,23.5898,2101332
Aleppo,SY,36.2012,37.1612,2098210
Kunshan,CN,31.3776,120.9543,2092496
Al Mawşil al Jadīdah,IQ,36.3327,43.1056,2065597
Weifang,CN,36.71,119.1019,2044028
Zunyi,CN,27.6867,106.9072,2037775
La Paz,BO,-16.5,-68.15,2004652
Lianyungang,CN,34.5984,119.2156,2001009
Medellín,CO,6.245,-75.5715,1999979
Indore,IN,22.7179,75.8333,1994397
Brazzaville,CG,-4.2661,15.2832,1982000
Tashkent,UZ,41.2647,69.2163,1978028
Ganzhou,CN,25.8466,114.9326,1977253
Almaty,KZ,43.2525,76.9115,1977011
Khartoum,SD,15.5518,32.5324,1974647
Hamburg,DE,53.5507,9.993,1973896
Sapporo,JP,43.0667,141.35,1973832
Songjiang,CN,31.0344,121.2233,1973500
Accra,GH,5.556,-0.1969,1963264
Curitiba,BR,-25.4278,-49.2731,1948626
Ordos,CN,39.6086,109.7816,1940653
Sanaa,YE,15.3545,44.2065,1937451
Conakry,GN,9.538,-13.6773,1928389
Tangerang,ID,-6.1781,106.63,1927815
Tijuana,MX,32.5027,-117.0037,1922523
Hyderabad,PK,25.3969,68.3772,1921275
Beirut,LB,33.8933,35.5016,1916100
Jieyang,CN,23.5418,116.3658,1899394
Jilin,CN,43.8465,126.5608,1895865
Jiading,CN,31.3858,121.2446,1886100
Bucharest,RO,44.4323,26.1063,1877155
Camayenne,GN,9.535,-13.6878,1871242
Kakamega,KE,0.2842,34.7523,1867579
Shangqiu,CN,34.4143,115.6561,1859723
Nanchong,CN,30.7951,106.0847,1858875
Tainan,TW,22.9908,120.2133,1856642
Datong,CN,40.0936,113.2914,1850000
Kaduna,NG,10.5264,7.4388,1850000
Omdurman,SD,15.6445,32.4777,1849659
Davao,PH,7.0731,125.6128,1848947
Thāne,IN,19.197,72.9635,1841488
Iztapalapa,MX,19.3553,-99.0622,1835486
Diyarbakır,TR,37.9136,40.2172,1833684
Santa Cruz de la Sierra,BO,-17.7863,-63.1812,1831434
Vadodara,IN,22.2994,73.2081,1822221
Adana,TR,36.9862,35.3253,1816750
Nanyang,CN,33.0052,112.5466,1811812
Abu Dhabi,AE,24.4512,54.397,1807000
Palembang,ID,-2.9167,104.7458,1801367
Sharjah,AE,25.3342,55.4122,1800000
Bhopal,IN,23.2547,77.4029,1798218
Jiangmen,CN,22.5833,113.0833,1795459
Benin City,NG,6.3381,5.6258,1782000
Jiangyin,CN,31.911,120.263,1779515
Fuyang,CN,32.9,115.8167,1768947
Montréal,CA,45.5088,-73.5878,1762949
Bayan Nur,CN,40.7414,107.386,1760000
Maracaibo,VE,10.6423,-71.6109,1752602
Chaozhou,CN,23.654,116.6226,1750945
Minsk,BY,53.9002,27.5665,1742124
Budapest,HU,47.4984,19.0404,1741041
Qingyuan,CN,23.7,113.0333,1738424
Tai’an,CN,36.1853,117.12,1735425
Rasapūdipalem,IN,17.7331,83.3162,1728128
Pimpri-Chinchwad,IN,18.6187,73.8037,1727692
Caloocan,PH,14.6495,120.9679,1712945
Warsaw,PL,52.2298,21.0118,1702139
Soweto,ZA,-26.2678,27.8585,1695047
Semarang,ID,-6.9931,110.4208,1694740
Puebla,MX,19.0478,-98.2072,1692181
Vienna,AT,48.2085,16.3721,1691468
Barcelona,ES,41.3888,2.159,1686208
Patna,IN,25.5941,85.1356,1684297
Mosul,IQ,36.335,43.1189,1683000
Kallakurichi,IN,11.7338,78.9592,1682687
Kampala,UG,0.3163,32.5822,1680600
Xining,CN,36.6255,101.7574,1677177
Changshu,CN,31.6461,120.7422,1677050
Huainan,CN,32.6264,116.9969,1666826
Rabat,MA,34.0132,-6.8326,1655753
Recife,BR,-8.0539,-34.8811,1653461
Phoenix,US,33.4484,-112.074,1650070
Suzhou,CN,33.6361,116.9789,1647642
Ecatepec de Morelos,MX,19.6049,-99.0606,1645352
Lu’an,CN,31.7356,116.5169,1644344
Valencia,VE,10.1615,-68.0004,1619470
Ludhiana,IN,30.912,75.8538,1618879
Yancheng,CN,33.3575,120.1573,1615717
Novosibirsk,RU,55.0226,82.9317,1612833
Erbil,IQ,36.1912,44.0094,1612700
Fukuoka,JP,33.6,130.4167,1612392
Taizhou,CN,32.4907,119.9081,1607108
Daqing,CN,46.5833,125.0,1604027
Manila,PH,14.6042,120.9822,1600000
Wuhu,CN,31.3526,118.4295,1598165
Santiago de Querétaro,MX,20.5881,-100.3881,1594212
Dazhou,CN,31.2106,107.4631,1589435
Yangzhou,CN,32.3972,119.4358,1584237
León de los Aldama,MX,21.1218,-101.6825,1579803
Makkah,SA,21.4266,39.8256,1578722
Philadelphia,US,39.9524,-75.1636,1573916
Phnom Penh,KH,11.5625,104.916,1573544
Guilin,CN,25.2802,110.2964,1572300
Damascus,SY,33.5102,36.2913,1569394
Quetta,PK,30.1841,67.0014,1565546
Zhaoqing,CN,23.0489,112.4609,1553109
Onitsha,NG,6.1498,6.7857,1553000
Mianyang,CN,31.4678,104.6817,1550000
Auckland,NZ,-36.8485,174.7635,1547200
Isfahan,IR,32.6525,51.6746,1547164
Wanzhou,CN,30.7645,108.3959,1545900
Astana,KZ,51.1801,71.446,1544142
Harare,ZW,-17.8277,31.0534,1542813
Monrovia,LR,6.3005,-10.7969,1542549
Putian,CN,25.4394,119.0103,1539389
Kawasaki,JP,35.5206,139.7172,1538262
Goiânia,BR,-16.6786,-49.2539,1536097
San Antonio,US,29.4241,-98.4936,1526656
Kobe,JP,34.6913,135.183,1525152
Stockholm,SE,59.3294,18.0687,1515017
Ciudad Juárez,MX,31.7202,-106.4608,1512450
Cần Thơ,VN,10.0371,105.7883,1507187
Munich,DE,48.1374,11.5755,1505005
Khulna,BD,22.8098,89.5644,1500689
Belém,BR,-1.4558,-48.5044,1499641
Yekaterinburg,RU,56.8573,60.6153,1495066
Porto Alegre,BR,-30.0328,-51.2302,1488252
Yinchuan,CN,38.4681,106.2731,1487579
Manhattan,US,40.7834,-73.9663,1487536
Nashik,IN,19.9973,73.791,1486053
Taizhou,CN,28.6627,121.4331,1485502
Asunción,PY,-25.2865,-57.647,1482200
Yiwu,CN,29.3151,120.0768,1481384
Zapopan,MX,20.7211,-103.3874,1476491
Makassar,ID,-5.1486,119.4319,1474393
Adelaide,AU,-34.9287,138.5986,1469163
Quanzhou,CN,24.9139,118.5858,1469157
Madurai,IN,9.919,78.1195,1465625
Jinhua,CN,29.1068,119.6442,1463990
Kyoto,JP,35.0211,135.7538,1463723
Cixi,CN,30.1764,121.2457,1457510
Changde,CN,29.0321,111.6984,1457419
Kuala Lumpur,MY,3.1412,101.6865,1453975
Kayseri,TR,38.7322,35.4853,1452458
Kaifeng,CN,34.7986,114.3074,1451741
Anshan,CN,41.1236,122.99,1450000
Karaj,IR,35.8327,50.9915,1448075
Kathmandu,NP,27.7017,85.3206,1442271
Daejeon,KR,36.3491,127.3849,1441203
Baoji,CN,34.3678,107.237,1437802
Suqian,CN,33.9492,118.2958,1437685
Liuzhou,CN,24.324,109.407,1436599
Tirunelveli,IN,8.7274,77.6838,1435844
Konya,TR,37.8713,32.4846,1433861
Zhangjiagang,CN,31.865,120.5389,1432044
Agra,IN,27.1833,78.0167,1430055
South Tangerang,ID,-6.2886,106.7179,1429529
Tabriz,IR,38.08,46.2919,1424641
Kharkiv,UA,49.9818,36.2548,1421125
Jinjiang,CN,24.8198,118.5742,1416151
Faridabad,IN,28.4112,77.3132,1414050
Bozhou,CN,33.8772,115.7703,1409436
Qujing,CN,25.4833,103.7833,1408500
San Diego,US,32.7157,-117.1647,1404452
Gwangju,KR,35.1547,126.9156,1401235
Zhanjiang,CN,21.2339,110.3875,1400709
Fushun,CN,41.8867,123.9436,1400646
Rājkot,IN,22.2916,70.7932,1390640
Luoyang,CN,34.6735,112.4368,1390581
Guadalajara,MX,20.6774,-103.3475,1385629
The Bronx,US,40.8499,-73.8664,1385108
Guankou,CN,28.1586,113.6271,1380000
Huế,VN,16.4619,107.5955,1380000
Milan,IT,45.4643,9.1895,1371498
Najafgarh,IN,28.6092,76.9798,1365000
N'Djamena,TD,12.1067,15.0444,1359526
Handan,CN,36.61,114.4876,1358318
Bannu,PK,32.9853,70.604,1357890
Yichang,CN,30.7144,111.2847,1350150
Antananarivo,MG,-18.9137,47.5361,1349501
Heze,CN,35.2393,115.4736,1346717
Guarulhos,BR,-23.4628,-46.5333,1345364
Abobo,CI,5.4161,-4.0159,1340083
Jamshedpur,IN,22.8028,86.1855,1339438
Douala,CM,4.0483,9.7043,1338082
Antalya,TR,36.9081,30.6956,1335002
Basrah,IQ,30.5085,47.7804,1326564
Dallas,US,32.7831,-96.8067,1326087
Saitama,JP,35.9081,139.6566,1324854
Niamey,NE,13.5137,2.1098,1323691
Liupanshui,CN,26.5944,104.8333,1320825
Taguig,PH,14.5243,121.0792,1308085
Maoming,CN,21.6663,110.9136,1307802
Calgary,CA,51.0501,-114.0853,1306784
Tripoli,LY,32.8874,13.1873,1302947
Madinah,SA,24.4686,39.6142,1300000
Yaoundé,CM,3.8667,11.5167,1299369
Batam,ID,1.1494,104.0249,1296960
Qinzhou,CN,21.9825,108.6506,1296300
Luohe,CN,33.5742,114.0326,1294974
Xiangyang,CN,32.0422,112.1448,1294733
Yangjiang,CN,21.8556,111.9627,1292987
Yixing,CN,31.3606,119.8202,1285785
Pimpri,IN,18.6229,73.807,1284606
Da Nang,VN,16.0678,108.2208,1276000
Amman,JO,31.9552,35.945,1275857
Budta,PH,7.2042,124.4397,1273715
Belgrade,RS,44.804,20.4651,1273651
Biên Hòa,VN,10.9447,106.8243,1272235
Qingpu,CN,31.1539,121.1141,1271424
Montevideo,UY,-34.9033,-56.1882,1270737
Xuchang,CN,34.0319,113.863,1265536
Kalyān,IN,19.2437,73.1355,1262255
Zigong,CN,29.3416,104.7769,1262064
Nizhniy Novgorod,RU,56.3287,44.002,1259013
Jepara,ID,-6.5924,110.671,1257912
Maputo,MZ,-25.9655,32.5832,1254837
Xuzhou,CN,34.2044,117.2839,1253991
Dammam,SA,26.4344,50.1033,1252523
Ra’s Bayrūt,LB,33.9,35.4833,1251739
Neijiang,CN,29.5835,105.0622,1251095
Shiraz,IR,29.6103,52.5311,1249942
Heshan,CN,28.5694,112.3473,1249807
Dombivali,IN,19.2167,73.0833,1247327
Kananga,CD,-5.8962,22.4166,1247168
Kazan,RU,55.7887,49.1221,1243500
Jining,CN,35.405,116.5814,1241012
Barquisimeto,VE,10.0647,-69.357,1240714
Shubrā al Khaymah,EG,30.1251,31.2505,1240289
Putuo,CN,31.251,121.3897,1239100
Port-au-Prince,HT,18.5435,-72.3388,1234742
Suwon,KR,37.2911,127.0089,1234582
Xinyang,CN,32.1228,114.0656,1230042
Liaocheng,CN,36.4506,116.0025,1229768
Jinzhong,CN,37.684,112.7547,1226617
Callao,PE,-12.0516,-77.1345,1226200
Meerut,IN,28.98,77.7064,1223184
Virār,IN,19.4559,72.8114,1222390
Nowrangapur,IN,19.2311,82.5483,1220946
Karbala,IQ,32.616,44.0249,1218732
Changzhi,CN,36.1839,113.1053,1214940
Tianshui,CN,34.5795,105.7424,1212791
Sadr City,IQ,33.3889,44.4583,1211849
Yangpu,CN,31.2619,121.519,1210800
Mombasa,KE,-4.0547,39.6636,1208333
Mandalay,MM,21.9747,96.0836,1208099
Srinagar,IN,34.0857,74.8055,1206419
Barranquilla,CO,10.9685,-74.7813,1206319
Chelyabinsk,RU,55.1611,61.4288,1202371
Mérida,MX,20.967,-89.6232,1201000
Hiroshima,JP,34.4,132.45,1200754
Santiago de los Caballeros,DO,19.4504,-70.6908,1200000
Shymkent,KZ,42.3099,69.6004,1200000
Weinan,CN,34.5035,109.5089,1199290
Ghāziābād,IN,28.6654,77.4391,1199191
Matola,MZ,-25.9622,32.4589,1198988
Dhanbad,IN,23.7976,86.4299,1196214
Arequipa,PE,-16.399,-71.5375,1195700
Hong Kong Island,HK,22.263,114.1842,1195529
Fes,MA,34.0331,-5.0003,1191905
Gustavo Adolfo Madero,MX,19.4939,-99.1107,1185772
Nouakchott,MR,18.0858,-15.9785,1184530
Kisangani,CD,0.5153,25.191,1181788
Jiaxing,CN,30.7522,120.75,1180000
Aurangabad,IN,19.8776,75.3423,1175116
Zhongwei,CN,37.5113,105.1907,1174600
Omsk,RU,54.9924,73.3686,1172070
Pikine,SN,14.7646,-17.3907,1170791
Pekanbaru,ID,0.5167,101.4417,1167599
Panjin,CN,41.121,122.0739,1166481
Bandar Lampung,ID,-5.4292,105.2611,1166066
Prague,CZ,50.088,14.4208,1165581
Varanasi,IN,25.3167,83.0104,1164404
Jiujiang,CN,29.7048,116.0021,1164268
Samara,RU,53.2077,50.1355,1163399
Aba,NG,5.1066,7.3667,1160000
Amritsar,IN,31.6223,74.8753,1159227
Birmingham,GB,52.4814,-1.8998,1157603
Copenhagen,DK,55.6759,12.5655,1153615
Sofia,BG,42.6975,23.3241,1152556
Anyang,CN,36.096,114.3828,1146839
Yerevan,AM,40.1776,44.5126,1144700
Luohu District,CN,22.5472,114.1315,1143801
Vijayawada,IN,16.5074,80.6466,1143232
Fengxiang,CN,30.8584,121.4678,1140872
Bijie,CN,27.3019,105.2863,1137383
Monterrey,MX,25.6843,-100.3172,1135512
Kigali,RW,-1.95,30.0588,1132686
Rostov-on-Don,RU,47.22,39.7077,1130305
Zhuzhou,CN,27.8333,113.15,1129687
Malingao,PH,7.1608,124.475,1121974
Touba,SN,14.8623,-15.8753,1120824
Ufa,RU,54.7431,55.9678,1120547
Ranchi,IN,23.3432,85.3094,1120374
Shangrao,CN,28.4518,117.9429,1116486
Lilongwe,MW,-13.9669,33.7873,1115815
Huaibei,CN,33.9744,116.7917,1113321
Maiduguri,NG,11.8469,13.1571,1110000
Xuhui,CN,31.1959,121.4471,1109800
Meishan,CN,30.0439,103.837,1107742
Mwanza,TZ,-2.5167,32.9,1104521
Ulsan,KR,35.5372,129.3167,1098421
Sendai,JP,38.2667,140.8667,1096704
Krasnoyarsk,RU,56.0374,92.9314,1090811
Fuzhou,CN,27.96,116.3333,1089888
Guigang,CN,23.116,109.5947,1086327
Oslo,NO,59.9127,10.7461,1082575
Jabalpur,IN,23.167,79.9501,1081677
Ilorin,NG,8.4966,4.5421,1080000
Aden,YE,12.7796,45.0385,1079670
Bogor,ID,-6.5944,106.7892,1078351
Ciudad Nezahualcoyotl,MX,19.4006,-99.0148,1077208
Hengyang,CN,26.8895,112.6189,1075516
Prayagraj,IN,25.4448,81.8432,1073438
Trujillo,PE,-8.116,-79.03,1067700
Visakhapatnam,IN,17.6801,83.2016,1063178
Goyang-si,KR,37.6564,126.835,1061752
Yulin,CN,22.6305,110.1469,1056743
Jodhpur,IN,26.2684,73.0059,1056191
Gwalior,IN,26.2298,78.1734,1054420
Jingzhou,CN,30.3503,112.1903,1052282
Gqeberha,ZA,-33.9611,25.6149,1050078
Tbilisi,GE,41.6914,44.8341,1049498
Voronezh,RU,51.6683,39.192,1047549
Xinxiang,CN,35.1903,113.8015,1047088
Yichun,CN,27.8333,114.4,1045952
Sokoto,NG,13.0627,5.2432,1040000
Jos,NG,9.9285,8.8921,1040000
Tangier,MA,35.7673,-5.7998,1035141
Teni,IN,10.0112,77.4777,1034724
Xianyang,CN,34.3378,108.7026,1034081
Mexicali,MX,32.6278,-115.4545,1032686
Pointe-Noire,CG,-4.7761,11.8635,1032000
Maceió,BR,-9.6658,-35.7353,1031597
Campinas,BR,-22.9056,-47.0608,1031554
Sanya,CN,18.2543,109.5095,1031396
Rangpur,BD,25.7466,89.2517,1031388
Kirkuk,IQ,35.4681,44.3922,1031000
Ashgabat,TM,37.95,58.3833,1030063
Shaoguan,CN,24.8,113.5833,1028460
Howrah,IN,22.5769,88.3186,1027672
Raipur,IN,21.2333,81.6333,1027264
Changwon,KR,35.2281,128.6811,1025702
Longyan,CN,25.0749,117.0178,1025087
Köln,DE,50.9333,6.95,1024621
Dublin,IE,53.3331,-6.2489,1024027
Tiruchirappalli,IN,10.8155,78.6965,1022518
Yongzhou,CN,26.4239,111.6131,1020715
Brussels,BE,50.8505,4.3488,1019022
Zamboanga,PH,6.9103,122.0739,1018849
Ottawa,CA,45.4112,-75.6981,1017449
Huzhou,CN,30.8703,120.0933,1015937
Volgograd,RU,48.7138,44.4976,1013533
Khartoum North,SD,15.6493,32.5346,1012211
Edmonton,CA,53.5501,-113.4687,1010899
Odesa,UA,46.4857,30.7438,1010537
Wuwei,CN,37.9267,102.632,1010295
Jacksonville,US,30.3322,-81.6556,1009833
Fort Worth,US,32.7254,-97.3208,1008106
Hanzhong,CN,33.0751,107.0221,1006557
Hezhou,CN,24.4036,111.5667,1005490
Pest,HU,47.5,19.0833,1001748
Kota,IN,25.1825,75.8391,1001694
Zhu Cheng City,CN,35.995,119.4026,1000000
Shivaji Nagar,IN,18.5302,73.8526,1000000
Dongying,CN,37.4627,118.4917,998968
Luzhou,CN,28.8903,105.4257,998900
San Jose,US,37.3394,-121.895,997368
Sholapur,IN,17.6715,75.9104,997281
Marrakesh,MA,31.6342,-7.9999,995871
Guatemala City,GT,14.6407,-90.5133,994938
Meizhou,CN,24.2886,116.1177,992351
Yueyang,CN,29.3745,113.0948,991465
Laiwu,CN,36.1928,117.6569,989535
Benxi,CN,41.2886,123.765,987717
Esenyurt,TR,41.027,28.6773,983571
Perm,RU,58.0105,56.2502,982419
Zaria,NG,11.1113,7.7227,980000
Kennedy,CO,4.6165,-74.146,979914
Chiba,JP,35.6,140.1167,979768
Pingdingshan,CN,33.7309,113.3155,979130
Ciudad Guayana,VE,8.3512,-62.641,978202
Sargodha,PK,32.0859,72.6742,975886
Austin,US,30.2672,-97.7431,974447
Managua,NI,12.1328,-86.2504,973087
Bengbu,CN,32.9408,117.3608,972784
Salé,MA,34.0531,-6.7985,972299
Jerusalem,IL,31.769,35.2163,971800
Chandigarh,IN,30.7363,76.7884,970602
Dnipro,UA,48.4666,35.0407,968502
Cebu City,PH,10.3167,123.8907,965332
Sanhe,CN,39.9805,117.0689,965075
Tiruppur,IN,11.1154,77.3546,963173
Guwahati,IN,26.1844,91.7458,962334
Xiangtan,CN,27.85,112.9,959303
Linfen,CN,36.0889,111.5189,959198
Victoria,HK,22.2875,114.1442,956800
Zhenjiang,CN,32.2109,119.4551,950516
Enugu,NG,6.4413,7.4988,950000
Rosario,AR,-32.9468,-60.6393,948312
Sulţānah,SA,24.4926,39.5857,946697
Huludao,CN,40.7524,120.8355,944495
Hubballi,IN,15.3478,75.1338,943788
Padang,ID,-0.9492,100.3543,942938
Kitakyushu,JP,33.8518,130.8503,940978
Taiz,YE,13.5795,44.0209,940600
Setagaya,JP,35.6419,139.6472,940071
Kingston,JM,17.997,-76.7936,937700
Jing’an,CN,31.22,121.4158,936500
Baoshan,CN,25.1163,99.1637,935618
Rui’an,CN,27.7761,120.6586,927383
Chihuahua,MX,28.6353,-106.0889,925762
Nay Pyi Taw,MM,19.745,96.1297,925000
Eskişehir,TR,39.7767,30.5206,921630
Mysuru,IN,12.2979,76.6393,920550
Salem,IN,11.6538,78.1554,917414
São Luís,BR,-2.5297,-44.3028,917237
Seongnam-si,KR,37.4386,127.1378,914832
Cartagena,CO,10.3982,-75.4933,914552
Antipolo,PH,14.6258,121.1225,913712
Columbus,US,39.9612,-82.9988,913175
Sialkot,PK,32.4927,74.5313,911817
Charlotte,US,35.2271,-80.8431,911311
Laibin,CN,23.7474,109.2222,910282
Warri,NG,5.5174,5.7501,910000
Naples,IT,40.8522,14.2681,909048
Xiaogan,CN,30.9269,113.9222,908266
Campo Grande,BR,-20.4428,-54.6464,906092
Ziyang,CN,30.1211,104.6481,905729
Bobo-Dioulasso,BF,11.1806,-4.2949,904920
Bahawalpur,PK,29.3978,71.6752,903795
Quzhou,CN,28.9594,118.8686,902767
Blantyre,MW,-15.785,35.0085,902588
Donetsk,UA,48.023,37.8022,901645
Abū Ghurayb,IQ,33.3056,44.1848,900000
Qom,IR,34.6401,50.8764,900000
Bishkek,KG,42.87,74.59,900000
Zaozhuang,CN,34.8647,117.5542,899753
Krasnodar,RU,45.0453,38.9818,899541
Natal,BR,-5.795,-35.2094,896708
Pingxiang,CN,27.6167,113.8535,893550
Malang,ID,-7.9797,112.6304,889359
Cancún,MX,21.1743,-86.8466,888797
Indianapolis,US,39.7684,-86.158,887642
Gurugram,IN,28.4601,77.0263,886519
Bhubaneswar,IN,20.2724,85.8338,885363
Zhoushan,CN,29.9887,122.2049,882932
Qiqihar,CN,47.3392,123.9615,882364
Mulenvos,AO,-8.8669,13.3344,882014
Sulaymaniyah,IQ,35.565,45.4329,878146
Marseille,FR,43.297,5.3811,877215
Puning,CN,23.3107,116.1687,874954
Bhiwandi,IN,19.3002,73.0588,874032
Soshanguve,ZA,-25.4729,28.0992,872309
Teresina,BR,-5.0892,-42.8019,871126
Ankang,CN,32.68,109.0172,870126
Jalandhar,IN,31.3256,75.5792,868929
Rotterdam,NL,51.9225,4.4792,868135
Langfang,CN,39.5208,116.7147,868066
Duque de Caxias,BR,-22.7856,-43.3117,866347
Viana,AO,-8.9055,13.375,865863
Jiaozuo,CN,35.2392,113.2391,865413
Samarinda,ID,-0.4917,117.1458,865306
Rohini,IN,28.7432,77.0678,860000
Wanxian,CN,30.816,108.3741,859662
Guang’an,CN,30.4741,106.637,858159
Johor Bahru,MY,1.4655,103.7578,858118
Arifwala,PK,30.2906,73.0657,854462
Pasig City,PH,14.5869,121.0614,853050
Cheongju-si,KR,36.6372,127.4897,852147
Kanayannur,IN,9.9667,76.2667,851406
Tegucigalpa,HN,14.0818,-87.2068,850848
Bucheon-si,KR,37.4989,126.7831,850731
Thanh Hóa,VN,19.8,105.7667,850000
Turin,IT,45.0705,7.6868,847287
Al Ain City,AE,24.1917,55.7606,846747
Libreville,GA,0.3924,9.4536,846090
Saratov,RU,51.5405,45.9901,844858
Ulan Bator,MN,47.9077,106.8832,844818
Weihai,CN,37.5091,122.1136,844310
Takeo,KH,10.9908,104.785,843931
Nova Iguaçu,BR,-22.7592,-43.4511,843046
Cochabamba,BO,-17.3819,-66.1599,841276
Ahvaz,IR,31.319,48.6842,841145
Vientiane,LA,17.9667,102.6,840940
São Bernardo do Campo,BR,-23.6939,-46.565,840499
Zhabei,CN,31.2586,121.4597,840000
Xinyu,CN,27.8043,114.9334,839488
Pietermaritzburg,ZA,-29.6168,30.3928,839327
Yibin,CN,28.7593,104.6399,836340
Naucalpan de Juárez,MX,19.4785,-99.2396,834434
Kampung Baru Subang,MY,3.15,101.5333,833571
Bouaké,CI,7.6939,-5.0303,832371
Taicang,CN,31.4478,121.0939,831113
San Francisco,US,37.7749,-122.4194,827526
Sakai,JP,34.5822,135.4665,826161
Valencia,ES,39.4739,-0.3797,824340
Jinshan,CN,30.8356,121.2937,822776
Chenzhou,CN,25.8,113.0333,822534
João Pessoa,BR,-7.115,-34.8631,817511
Bukavu,CD,-2.4908,28.8428,816811
Kraków,PL,50.0614,19.9366,816614
Barcelona,VE,10.1384,-64.6877,815141
Bangui,CF,4.3612,18.555,812407
Hermosillo,MX,29.0887,-110.9668,812229
Bhayandar,IN,19.3016,72.8511,809378
Culiacán,MX,24.8021,-107.3942,808416
Petaling Jaya,MY,3.1073,101.6067,807879
Anqing,CN,30.5136,117.0472,804493
Oran,DZ,35.6991,-0.6359,803329
Freetown,SL,8.4871,-13.2356,802639
San Pedro Sula,HN,15.5059,-88.0259,801259
Narela,IN,28.8527,77.0929,800000
Xingtai,CN,37.0622,114.4927,798770
Niigata,JP,37.9226,139.0412,797591
Muscat,OM,23.5841,58.4078,797000
Zarqa,JO,32.0727,36.088,792665
Çankaya,TR,39.9179,32.8627,792189
Küçükçekmece,TR,40.991,28.7712,792030
Hamamatsu,JP,34.7,137.7333,791707
Kolwezi,CD,-10.7148,25.4667,790248
Vinh,VN,18.6734,105.6923,790000
Thiruvananthapuram,IN,8.4855,76.9492,788271
Zhaotong,CN,27.3167,103.7167,787845
Panzhihua,CN,26.5851,101.7128,787177
Chuzhou,CN,32.3219,118.2978,782671
Seattle,US,47.6062,-122.3321,780995
Port Said,EG,31.2653,32.3019,780515
Cúcuta,CO,7.9074,-72.5049,777106
Homs,SY,34.724,36.7256,775404
Xuancheng,CN,30.9525,118.7553,774332
Ibb,YE,13.9667,44.1833,771514
Tasikmalaya,ID,-7.3274,108.2207,770839
Nampula,MZ,-15.1165,39.2666,770379
Shangyu,CN,30.0156,120.8711,770000
Bujumbura,BI,-3.3819,29.3614,769317
Tyumen,RU,57.1522,65.5272,768358
Erzurum,TR,39.9086,41.2769,767848
Anshun,CN,26.25,105.9333,765313
Dodoma,TZ,-6.1722,35.7395,765179
Rajshahi,BD,24.374,88.6011,763580
Dera Ismail Khan,PK,31.8313,70.9017,763195
Sorocaba,BR,-23.5017,-47.4581,762172
Wuzhou,CN,23.4805,111.2885,761948
Ipoh,MY,4.5841,101.0829,759952
Qinhuangdao,CN,39.941,119.5894,759718
Benghazi,LY,32.1149,20.0686,757490
Uberlândia,BR,-18.9186,-48.2772,754954
Alīgarh,IN,27.8815,78.0746,753207
Shaoyang,CN,27.2382,111.4621,753194
Malatya,TR,38.3502,38.3167,750491
Winnipeg,CA,49.8844,-97.147,749607
Ōta,JP,35.5613,139.716,748081
Andijon,UZ,40.7834,72.3507,747800
Bareilly,IN,28.3668,79.4317,745435
Buraydah,SA,26.326,43.975,745353
Hegang,CN,47.3473,130.2903,743307
Morelia,MX,19.7008,-101.1844,743275
Riga,LV,56.946,24.1059,742572
Amsterdam,NL,52.374,4.8897,741636
Cagayan de Oro,PH,8.4822,124.6472,741617
Ma’anshan,CN,31.6858,118.5101,741531
Shah Alam,MY,3.0851,101.5328,740750
Bağcılar,TR,41.039,28.8567,740069
Shizuishan,CN,38.9808,106.3892,739400
Kumamoto,JP,32.8059,130.6918,738907
Oyo,NG,7.8537,3.9324,736072
Serang,ID,-6.1153,106.1542,735651
Torreón,MX,25.5439,-103.419,735340
Deyang,CN,31.1302,104.382,735070
Abeokuta,NG,7.1557,3.3451,735000
Al Ḩudaydah,YE,14.7978,42.9545,734699
Yangquan,CN,37.8575,113.5633,731228
Akure,NG,7.2526,5.1931,730000
Denver,US,39.7392,-104.9847,729019
Osasco,BR,-23.5325,-46.7917,728615
Kikolo,AO,-8.7815,13.3338,728205
Maianga,AO,-8.8469,13.237,727681
São José dos Campos,BR,-23.1794,-45.8869,727078
Álvaro Obregón,MX,19.3587,-99.2033,726664
Aihara,JP,35.6,139.3167,725493
Evaton,ZA,-26.5333,27.85,725468
Valenzuela,PH,14.7,120.9667,725173
Muzaffarābād,PK,34.37,73.4708,725000
Okayama,JP,34.65,133.9333,724691
San Luis Potosí,MX,22.1523,-100.9714,722772
Aguascalientes,MX,21.8826,-102.2843,722250
General Santos,PH,6.1128,125.1717,722059
Zhumadian,CN,32.9838,114.0259,721670
Morādābād,IN,28.8389,78.7768,721139
Sagamihara,JP,35.5671,139.2417,720780
Mississauga,CA,43.5789,-79.6583,717961
Lviv,UA,49.8383,24.0232,717273
Namangan,UZ,40.9983,71.6726,713220
Zaporizhzhya,UA,47.8517,35.1171,710052
Zanzibar,TZ,-6.1639,39.1979,709809
Saltillo,MX,25.426,-100.9796,709671
Latakia,SY,35.5312,35.7909,709000
Subang Jaya,MY,3.0438,101.5806,708296
Warangal,IN,18.0,79.5833,704570
Paranaque City,PH,14.4816,121.0175,703245
Tolyatti,RU,53.5303,49.3461,702879
Santo Domingo Oeste,DO,18.5,-70.0,701269
Santo Domingo Este,DO,18.4851,-69.8476,700000
Dhārāvi,IN,19.05,72.8667,700000
Battagram,PK,34.6772,73.0233,700000
Suez,EG,29.9737,32.5263,699541
Changzhi,CN,35.2089,111.7386,699514
Ribeirão Preto,BR,-21.1775,-47.8103,698642
Agadir,MA,30.4202,-9.5982,698310
Edogawe,JP,35.6923,139.8731,697932
Sarajevo,BA,43.8486,18.3564,696731
Balikpapan,ID,-1.2675,116.8289,695287
Adachi,JP,35.7632,139.8076,695043
Changning,CN,31.2174,121.421,694900
Bauchi,NG,10.3103,9.8439,693700
Shizuoka,JP,34.9833,138.3833,693389
Tunis,TN,36.819,10.1658,693210
Zhangjiakou,CN,40.7834,114.8714,692602
Washington,US,38.8951,-77.0364,689545
Nashville,US,36.1659,-86.7844,689447
Fuxin,CN,42.0156,121.6589,689050
Ta’if,SA,21.2703,40.4158,688693
Changsha,CN,22.3812,112.6849,688242
Huangshi,CN,30.2471,115.0481,688090
Liaoyang,CN,41.2719,123.1731,687890
Hlaingthaya,MM,16.85,96.0667,687867
Beira,MZ,-19.8436,34.8389,687764
Hongkou,CN,31.25,121.4892,687500
Zaragoza,ES,41.6561,-0.8773,686986
Sevilla,ES,37.3828,-5.9732,686741
Baise,CN,23.8901,106.6268,686078
Pontianak,ID,-0.0319,109.325,686019
Situbondo,ID,-7.7062,114.0098,685967
Agege,NG,6.6156,3.3334,683600
Binzhou,CN,37.3667,118.0167,682717
Oklahoma City,US,35.4676,-97.5164,681054
Yuncheng,CN,35.0231,110.9928,680036
Dezhou,CN,37.4466,116.3671,679535
Dushanbe,TJ,38.5358,68.779,679400
Cotonou,BJ,6.3654,2.4183,679012
El Paso,US,31.7587,-106.4869,678815
Gorakhpur,IN,26.7663,83.3689,674246
Guadalupe,MX,25.6766,-100.2591,673616
Wrocław,PL,51.1029,17.0301,672545
Denpasar,ID,-8.65,115.2167,670210
Guntur,IN,16.2997,80.4573,670073
Katsina,NG,12.9908,7.6018,670000
Sanmenxia,CN,34.7808,111.1929,669307
E’zhou,CN,30.3961,114.8865,668727
Madīnat an Naşr,EG,30.0667,31.3,668413
Camama,AO,-8.9361,13.2652,667094
Tabuk,SA,28.3998,36.5715,667000
Kitwe,ZM,-12.8024,28.2132,665961
Bulawayo,ZW,-20.15,28.5833,665952
Mudanjiang,CN,44.548,129.6259,665915
Aracaju,BR,-10.9111,-37.0717,664908
Joinville,BR,-26.3044,-48.8456,664500
Athens,GR,37.9838,23.7278,664046
Zagreb,HR,45.8144,15.978,663592
Leshan,CN,29.5623,103.7639,662814
Santo André,BR,-23.6639,-46.5383,662373
Vancouver,CA,49.2497,-123.1193,662248
Rizhao,CN,35.4141,119.5291,661943
Helsinki,FI,60.1695,24.9354,658864
Cheonan,KR,36.8065,127.1522,658831
Acapulco de Juárez,MX,16.8494,-99.9089,658609
Banjarmasin,ID,-3.3199,114.5907,657663
Puducherry,IN,11.9338,79.8298,657209
Suining,CN,30.508,105.5733,656760
Brampton,CA,43.6834,-79.7663,656480
Golfe,AO,-8.8664,13.2617,655796
Puyang,CN,35.7564,115.0436,655674
Soacha,CO,4.5794,-74.2168,655025
Boston,US,42.3584,-71.0598,653833
Tlalnepantla,MX,19.5401,-99.1954,653410
Jājmau,IN,26.4304,80.4095,652831
Portland,US,45.5234,-122.6762,652503
Calumbo,AO,-9.1469,13.4194,652270
Tlaquepaque,MX,20.6412,-103.2934,650123
Frankfurt am Main,DE,50.1155,8.6842,650000
Macau,MO,22.2006,113.5461,649335
Palermo,IT,38.1166,13.3636,648260
Izhevsk,RU,56.8522,53.1986,648213
Colombo,LK,6.9355,79.8487,648034
Maturín,VE,9.7457,-63.1832,647459
Amravati,IN,20.9333,77.75,647057
Detroit,US,42.3314,-83.0457,645705
Osogbo,NG,7.771,4.557,645000
Honchō,JP,35.7013,139.9865,644668
Bikaner,IN,28.0176,73.3149,644406
Jaboatão dos Guararapes,BR,-8.1128,-35.0147,644037
Hoji ya Henda,AO,-8.8052,13.2897,642050
Las Vegas,US,36.175,-115.1372,641903
New South Memphis,US,35.0868,-90.0568,641608
Hwaseong-si,KR,37.2068,126.8169,640890
Gold Coast,AU,-28.0003,153.4309,640778
Łódź,PL,51.7706,19.4739,639890
Jeonju,KR,35.8219,127.1489,638421
Chongming,CN,31.6185,121.6962,637921
Al Aḩmadī,KW,29.0769,48.0839,637411
Cuenca,EC,-2.8953,-78.9963,636996
Chisinau,MD,47.009,28.8594,635994
Likasi,CD,-10.983,26.7384,635768
Jambi City,ID,-1.6,103.6167,635101
Hebi,CN,35.7323,114.2862,634721
Comilla,BD,23.4619,91.185,634654
Tshikapa,CD,-6.4162,20.7999,634529
Chunian,PK,30.9662,73.9791,634236
Kochi,IN,9.9399,76.2602,633553
Memphis,US,35.1495,-90.049,633104
Jingmen,CN,31.0336,112.2047,632954
Barnaul,RU,53.362,83.7279,632372
Dandong,CN,40.1292,124.3947,631973
Piura,PE,-5.1819,-80.6572,630000
Bhilai,IN,21.2092,81.4285,627734
Ndola,ZM,-12.9587,28.6366,627503
Contagem,BR,-19.9317,-44.0536,627123
Ulyanovsk,RU,54.3282,48.3866,626540
Djibouti,DJ,11.589,43.145,626512
Glasgow,GB,55.8651,-4.2576,626410
Panshan,CN,41.1881,122.0494,625040
Louisville,US,38.2542,-85.7594,624444
Irkutsk,RU,52.2957,104.2908,623869
Ansan-si,KR,37.3236,126.8219,623256
Al Mansurah,EG,31.0364,31.3807,621953
Kermanshah,IR,34.3142,47.065,621100
Jiaozhou,CN,36.2839,120.0033,619266
Düsseldorf,DE,51.2232,6.7793,618685
Suizhou,CN,31.7111,113.3631,618582
Villa Nueva,GT,14.5251,-90.5854,618397
Khabarovsk,RU,48.462,135.0971,618150
Cuiabá,BR,-15.5961,-56.0967,618124
Arusha,TZ,-3.3667,36.6833,617631
Feira de Santana,BR,-12.2667,-38.9667,616272
Las Piñas,PH,14.4506,120.9828,615549
Chizhou,CN,30.6613,117.4778,615274
Coyoacán,MX,19.3467,-99.1617,614447
Stuttgart,DE,48.7823,9.177,612663
Ya'an,CN,29.9852,102.999,612056
Cuttack,IN,20.465,85.8793,610189
Borivli,IN,19.235,72.8598,609617
Chiclayo,PE,-6.7701,-79.855,609400
Yaroslavl,RU,57.6299,39.8737,608722
Gothenburg,SE,57.7072,11.9668,608462
Kawaguchi,JP,35.8052,139.7107,607373
Bukit Rahman Putra,MY,3.2173,101.5608,607000
Jhang Sadr,PK,31.2698,72.3169,606533
Ha'il,SA,27.5219,41.6907,605930
Bhavnagar,IN,21.7629,72.1533,605882
Benoni,ZA,-26.1885,28.3208,605344
Vladivostok,RU,43.1056,131.8735,604901
Jinzhou,CN,41.1078,121.1417,604269
Tuxtla,MX,16.7536,-93.1158,604147
Kryvyy Rih,UA,47.9057,33.394,603904
Sanming,CN,26.2486,117.6186,602166
Islamabad,PK,33.7215,73.0433,601600
Sāngli,IN,16.8544,74.5642,601214
Jamnagar,IN,22.4729,70.0667,600943
Lubango,AO,-14.9172,13.4925,600751
Pokhara,NP,28.2669,83.9685,600051
Shuangyashan,CN,46.6769,131.1327,600000
Borama,SO,9.9361,43.1828,597842
Pallabi,BD,23.825,90.37,597574
Luancheng,CN,37.8845,114.6463,597130
Makhachkala,RU,42.9778,47.5003,596356
Anyang-si,KR,37.3925,126.9269,595644
Huambo,AO,-12.7761,15.7392,595304
Samarkand,UZ,39.6546,66.9644,595200
Mengzi,CN,23.3678,103.3821,595100
Kagoshima,JP,31.5667,130.55,595049
Mukalla,YE,14.5425,49.1242,594951
Rasht,IR,37.2761,49.5886,594590
Mar del Plata,AR,-38.0004,-57.5562,593337
Essen,DE,51.4566,7.0123,593085
Al Maḩallah al Kubrá,EG,30.9706,31.1669,592573
Málaga,ES,36.7202,-4.4203,592346
Shekhupura,PK,31.7129,73.9856,591424
Yingkou,CN,40.6647,122.2318,591159
Zhangzhou,CN,24.5133,117.6556,589831
Reynosa,MX,26.08,-98.2846,589466
Thuận An,VN,10.9239,106.7143,588616
Dortmund,DE,51.5149,7.466,588462
Suginami,JP,36.2013,140.2841,588354
Baltimore,US,39.2904,-76.6122,585708
Itabashi,JP,35.7489,139.715,584483
New Kingston,JM,18.0075,-76.7832,583958
Pelentong,MY,1.5243,103.824,583640
Cimahi,ID,-6.8722,107.5425,581994
Londrina,BR,-23.3103,-51.1628,581382
Bucaramanga,CO,7.125,-73.1189,581130
Genoa,IT,44.4048,8.9444,580097
Hachiōji,JP,35.6558,139.3239,579355
Malacca,MY,2.196,102.2405,579000
Nha Trang,VN,12.2451,109.1943,579000
Kerman,IR,30.2832,57.0788,577514
Orūmīyeh,IR,37.5527,45.0761,577307
Bahçelievler,TR,41.0023,28.8598,576799
Tanta,EG,30.7885,31.0019,576648
Jammu,IN,32.7353,74.8617,576198
Iskandar Puteri,MY,1.3932,103.6232,575977
Calamba,PH,14.2117,121.1653,575046
Tlalpan,MX,19.2951,-99.1621,574577
Herāt,AF,34.3482,62.1997,574300
Gujrat,PK,32.5742,74.0754,574240
Tomsk,RU,56.5005,84.9822,574002
Umraniye,TR,41.0164,29.1248,573265
Shihezi,CN,44.3023,86.0369,572772
South Boston,US,42.3334,-71.0495,571281
Nakuru,KE,-0.3072,36.0722,570674
Hamilton,CA,43.2501,-79.8496,569353
Irbid,JO,32.5556,35.85,569068
Manchester,GB,53.4809,-2.2374,568996
Kota Bharu,MY,6.1236,102.2433,568900
Surrey,CA,49.1063,-122.8251,568322
Meknes,MA,33.8935,-5.5473,568295
Puente Alto,CL,-33.6117,-70.5758,568106
Nyala,SD,12.0489,24.8807,565734
Dresden,DE,51.0509,13.7383,564904
Orenburg,RU,51.7671,55.0988,564773
Albuquerque,US,35.0845,-106.6511,564559
Bokāro,IN,23.6693,86.1516,564319
Asmara,ER,15.3381,38.9318,563930
Sukkur,PK,27.7032,68.8589,563851
Milwaukee,US,43.0389,-87.9065,563531
Chợ Lớn,VN,10.75,106.65,561000
Wenchang,CN,19.5516,110.8028,560894
Ile-Ife,NG,7.4824,4.5603,560000
Gombe,NG,10.2897,11.1673,560000
Hamhŭng,KP,39.9183,127.5364,559056
Kemerovo,RU,55.3542,86.1043,558973
Nasiriyah,IQ,31.058,46.2573,558400
Bloemfontein,ZA,-29.1211,26.214,556637
Sheffield,GB,53.383,-1.4659,556500
Santiago de Cuba,CU,20.0229,-75.8217,555865
Siping,CN,43.1614,124.3778,555609
Cuautitlán Izcalli,MX,19.6439,-99.216,555163
Benguela,AO,-12.5767,13.4027,555124
Chuxiong,CN,25.0364,101.5456,555081
Balbala,DJ,11.5619,43.1067,554350
Huaihua,CN,27.5634,110.004,552622
Muntinlupa,PH,14.3903,121.0475,552225
Bình Thạnh,VN,10.811,106.706,552164
Zahedan,IR,29.4963,60.8629,551980
Banqiao,TW,25.0143,121.4672,551221
Nanded,IN,19.1602,77.315,550564
Kozhikode,IN,11.248,75.7804,550440
Ulanqab,CN,40.993,113.133,550231
Cabinda,AO,-5.562,12.1948,550000
Ajegunle,NG,6.452,3.3312,550000
Pristina,XK,42.6727,21.1669,550000
Jiamusi,CN,46.7971,130.3112,549549
Korla,CN,41.7606,86.1523,549324
Kolhāpur,IN,16.6956,74.2317,549236
Porto Velho,BR,-8.7619,-63.9039,548952
San Miguel de Tucumán,AR,-26.816,-65.2105,548866
Kuantan,MY,3.8077,103.326,548014
Sevastopol,UA,44.608,33.5213,547820
Nellore,IN,14.4499,79.987,547621
Mirpur Model Thana,BD,23.8093,90.3609,546503
Bremen,DE,53.0758,8.8072,546501
Wanning,CN,18.7993,110.3841,545992
Owerri,NG,5.4836,7.0332,545000
Kota Kuala Muda,MY,5.5882,100.3709,544984
Sungai Petani,MY,5.647,100.4877,544851
Xinzhou,CN,38.4092,112.7333,544683
Kotō,JP,32.7786,130.7454,543730
Kalaburagi,IN,17.3358,76.8376,543147
Tucson,US,32.2217,-110.9265,542629
Selayang Baru Utara,MY,3.2549,101.6668,542409
Vilnius,LT,54.6892,25.2798,542366
Ajmer,IN,26.4521,74.6387,542321
Pingdu,CN,36.7844,119.9464,542234
Fresno,US,36.7477,-119.7724,542107
Mbeya,TZ,-8.9,33.45,541603
Juiz de Fora,BR,-21.7642,-43.3503,540756
Calabar,NG,4.9589,8.327,540000
Oujda,MA,34.6814,-1.9086,539711
Novokuznetsk,RU,53.7575,87.136,539616
Ryazan’,RU,54.627,39.7041,538962
Ji’an,CN,27.1172,114.9793,538699
Sahiwal,PK,31.9739,72.3311,538344
Sahiwal,PK,30.6659,73.1019,538344
Mersin,TR,36.812,34.6389,537842
Nilüfer,TR,40.214,28.9157,536365
Leeds,GB,53.7965,-1.5478,536280
Poznań,PL,52.4069,16.9299,536151
Guli,CN,28.8816,120.0331,536000
Aqsu,CN,41.1842,80.2792,535657
Ebute Ikorodu,NG,6.6009,3.4882,535619
Ananindeua,BR,-1.3656,-48.3722,535547
Tanggu,CN,39.0211,117.6469,535298
Pasir Gudang,MY,1.462,103.9053,534659
Astrakhan,RU,46.3497,48.0408,533925
Okara,PK,30.8103,73.4515,533693
Nansana,UG,0.3639,32.5286,532800
Kimhae,KR,35.2342,128.8811,531966
Ar Raqqah,SY,35.9528,39.0079,531952
Québec,CA,46.8123,-71.2145,531902
Cuauhtémoc,MX,19.4451,-99.1461,531831
Shangluo,CN,33.8667,109.9306,531696
Himeji,JP,34.8167,134.7,530495
Ibagué,CO,4.4357,-75.2029,529635
Antwerp,BE,51.2205,4.4003,529247
Assiut,EG,27.181,31.1837,528669
Hamadān,IR,34.7992,48.5146,528256
Qionghai,CN,19.2425,110.4642,528238
Aparecida de Goiânia,BR,-16.8233,-49.2439,527796
Cangzhou,CN,38.3112,116.8533,527681
Mohammadpur,BD,24.8984,88.5284,527571
Surakarta,ID,-7.5561,110.8317,526870
San Salvador,SV,13.6893,-89.1872,525990
Beihai,CN,21.4835,109.1155,525329
Van,TR,38.4946,43.3832,525016
Sacramento,US,38.5816,-121.4944,524943
Thủ Đức,VN,10.8486,106.7721,524670
Üsküdar,TR,41.0227,29.0137,524452
Penza,RU,53.1957,45.0108,523553
Mazār-e Sharīf,AF,36.709,67.1109,523300
Kandahār,AF,31.6133,65.7101,523300
Hengshui,CN,37.7391,115.6835,522147
Dehradun,IN,30.3244,78.0339,522081
Erode,IN,11.3428,77.7274,521891
Lyon,FR,45.7491,4.8479,520774
Salta,AR,-24.8065,-65.42,520683
Serra,BR,-20.1286,-40.3078,520653
Esenler,TR,41.0435,28.8762,520235
Daxing’anling,CN,52.3338,124.7124,520000
Qui Nhon,VN,13.7765,109.2237,519208
Al Fayyum,EG,29.31,30.8418,519047
Durgapur,IN,23.5158,87.308,518872
Utsunomiya,JP,36.5667,139.8833,518757
Victoria de Durango,MX,24.0203,-104.6576,518709
Belford Roxo,BR,-22.7642,-43.3994,518384
Lisbon,PT,38.7251,-9.1498,517802
Rahim Yar Khan,PK,28.4199,70.3034,517000
Ulhasnagar,IN,19.2167,73.15,516584
Guangyuan,CN,32.442,105.823,516424
Loni,IN,28.7514,77.2902,516082
Siliguri,IN,26.71,88.4285,515574
Nuremberg,DE,49.4542,11.0775,515543
Niterói,BR,-22.8833,-43.1036,515317
Ujjain,IN,23.1824,75.7764,515215
Hannover,DE,52.3705,9.7332,515140
Edinburgh,GB,55.9521,-3.1965,514990
Macapá,BR,0.0389,-51.0664,512902
Xianning,CN,29.8435,114.322,512517
Toulouse,FR,43.6043,1.4437,511684
Thembisa,ZA,-25.9964,28.2268,511655
Carrefour,HT,18.5333,-72.4,511345
Matsuyama,JP,33.8392,132.7657,511192
Bilimora,IN,20.7696,72.9613,510879
Kasur,PK,31.1187,74.4502,510875
Atlanta,US,33.749,-84.388,510823
Heroica Matamoros,MX,25.8797,-97.5042,510739
Makati City,PH,14.5503,121.0327,510383
Buda,HU,47.5,19.0333,510108
Tonghua,CN,41.7197,125.9264,510000
"Mianzhu, Deyang, Sichuan",CN,31.3379,104.2206,510000
Naberezhnyye Chelny,RU,55.7372,52.4196,509870
Lipetsk,RU,52.5876,39.5515,509735
Kikwit,CD,-5.041,18.8162,509367
Florianópolis,BR,-27.5967,-48.5492,508826
Banan,CN,29.3786,106.54,508703
Newcastle,AU,-32.9295,151.7801,508437
Tuen Mun,HK,22.3917,113.9716,507900
Zhangye,CN,38.9342,100.4517,507433
Kirov,RU,58.5981,49.6578,507155
Kashgar,CN,39.4672,75.9868,506640
Mukim Pulai,MY,1.5333,103.6667,505661
Najrān,SA,17.4933,44.1277,505652
Karol Bāgh,IN,28.6514,77.1907,505241
Zhoukou,CN,33.6333,114.6333,505171
Leipzig,DE,51.3396,12.3713,504971
Pingliang,CN,35.5392,106.6861,504848
Huangpu,CN,31.2378,121.4781,504700
Kalininskiy,RU,59.9967,30.3899,504641
Duisburg,DE,51.4325,6.7652,504358
Āsansol,IN,23.6833,86.9833,504271
Arāk,IR,34.0949,49.6981,503647
Maipú,CL,-33.5142,-70.7651,503635
Homyel',BY,52.4345,30.9754,501193
Aktobe,KZ,50.2797,57.2072,500757
Kota Kinabalu,MY,5.9749,116.0724,500421
Talatona,AO,-8.9178,13.1856,500000
Kampung Larkin Lama,MY,1.5024,103.744,500000
Kota Damansara,MY,3.1545,101.5802,500000
Jalalpur Pirwala,PK,29.5051,71.222,500000
Mangaluru,IN,12.9172,74.856,499487
Zhucheng,CN,35.9947,119.3975,499285
Santa Marta,CO,11.2386,-74.1943,499192
Matsudo,JP,35.7799,139.9014,498575
Hāthazāri,BD,22.5052,91.8134,498179
Lapu-Lapu City,PH,10.3103,123.9494,497813
Karagandy,KZ,49.8019,73.1021,497777
Loudi,CN,27.7344,111.9944,497171
Liverpool,GB,53.4106,-2.9779,496770
Ichikawa,JP,35.7341,139.9065,496676
Bāndarban,BD,22.1953,92.2195,495272
Sha Tin,HK,22.3833,114.1833,495200
Dera Ghazi Khan,PK,30.0459,70.6403,494464
Higashiosaka,JP,34.6667,135.5833,493940
Pindi Bhattian,PK,31.8984,73.2734,493222
Cheboksary,RU,56.1322,47.246,492331
Pohang,KR,36.0292,129.3648,492041
Shanwei,CN,22.782,115.3475,491766
Montería,CO,8.7508,-75.8782,490935
Ruiru,KE,-1.1466,36.9609,490120
Valledupar,CO,10.4654,-73.2531,490075
Belagavi,IN,15.8521,74.5045,490045
Ajman,AE,25.4018,55.4788,490035
Jianshui,CN,24.2774,101.224,490000
Sancaktepe,TR,41.0024,29.2319,489848
Port Sudan,SD,19.6175,37.2164,489725
Toluca,MX,19.2879,-99.6532,489333
Ciudad López Mateos,MX,19.5579,-99.2567,489160
Al Khuşūş,EG,30.1529,31.315,488904
Jeju City,KR,33.5097,126.5219,488844
Gdańsk,PL,54.3523,18.6491,487371
Miami,US,25.7743,-80.1937,487014
Omaha,US,41.2563,-95.9404,486051
Nishinomiya,JP,34.7156,135.332,485587
Masina,CD,-4.3836,15.3914,485167
Sahāranpur,IN,29.9679,77.5452,484873
Vellore,IN,12.9184,79.1325,484690
Kurashiki,JP,34.5833,133.7667,483576
Campos dos Goytacazes,BR,-21.7523,-41.3304,483540
Angeles City,PH,15.15,120.5833,483452
Bhātpāra,IN,22.8664,88.4011,483129
Jijiga,ET,9.35,42.8,483000
Tula,RU,54.1961,37.6182,482873
Najaf,IQ,32.0259,44.3462,482576
Raleigh,US,35.7721,-78.6386,482295
Imus,PH,14.4297,120.9367,481949
Xichang,CN,27.8964,102.2634,481796
Malegaon,IN,20.5497,74.5346,481228
São José do Rio Preto,BR,-20.8197,-49.3794,480393
Caxias do Sul,BR,-29.1681,-51.1794,479599
Karabağlar,TR,38.382,27.132,479338
Okene,NG,7.5512,6.2359,479178
Uijeongbu-si,KR,37.7415,127.0474,479141
Bristol,GB,51.4552,-2.5966,479024
East London,ZA,-33.0153,27.9116,478676
Chéngguān Qū,CN,29.6384,91.0444,478275
Yazd,IR,31.8972,54.3675,477905
Hargeysa,SO,9.56,44.065,477876
Ōita,JP,33.2333,131.6,477715
Jincheng,CN,35.5022,112.8328,476945
Modīnagar,IN,28.8306,77.573,475843
Taoyuan,TW,24.9937,121.297,475798
Eldoret,KE,0.5204,35.2699,475716
Kansas City,US,39.0997,-94.5786,475378
Yan’an,CN,36.5989,109.4917,475234
Kaliningrad,RU,54.7064,20.511,475056
Skopje,MK,41.9965,21.4314,474889
Kupang,ID,-10.1708,123.6069,474801
Vereeniging,ZA,-26.6731,27.9261,474681
The Hague,NL,52.0767,4.2986,474292
Long Beach,US,33.767,-118.1892,474140
Gaya,IN,24.7969,85.0038,474093
Iloilo,PH,10.6969,122.5644,473728
Shouguang,CN,36.88,118.7375,473620
Jingdezhen,CN,29.2947,117.2079,473561
Murcia,ES,37.987,-1.13,471982
Mesa,US,33.4223,-111.8226,471825
Halifax,CA,44.6427,-63.5769,471559
Morogoro,TZ,-6.821,37.6612,471409
Marikina City,PH,14.6481,121.1133,471323
Kenitra,MA,34.261,-6.5802,470949
Seeb,OM,23.6703,58.1891,470878
Jiaojiang,CN,28.6984,121.4733,470804
Cilegon,ID,-6.0144,106.0542,470378
Mykolayiv,UA,46.9763,31.993,470011
Fukuyama,JP,34.4833,133.3667,468812
Staten Island,US,40.5623,-74.1399,468730
Nanping,CN,26.645,118.1736,467875
Pereira,CO,4.8143,-75.6949,467269
Ciudad Apodaca,MX,25.7814,-100.1891,467157
São João de Meriti,BR,-22.8039,-43.3722,466536
Ambattur,IN,13.0982,80.1615,466205
Kanazawa,JP,36.6,136.6167,466029
Gonder,ET,12.6,37.4667,466000
Mandaluyong City,PH,14.5832,121.0409,465902
Mixco,GT,14.6308,-90.6071,465773
Longshan,CN,42.8854,125.1367,465249
Ikare,NG,7.5259,5.7534,465000
Nova Vida,AO,-8.9055,13.2221,464985
Vũng Tàu,VN,10.346,107.0843,464860
Maracay,VE,10.2497,-67.5948,464700
Tamale,GH,9.4008,-0.8393,464316
Heyuan,CN,23.7333,114.6833,463907
Dĩ An,VN,10.9068,106.7694,463023
Kira,UG,0.4,32.6333,462900
Esna,EG,25.2934,32.554,462787
Huangshan,CN,29.7114,118.3125,460786
Ḩamāh,SY,35.1318,36.7578,460602
Jalgaon,IN,21.0029,75.566,460228
Kurnool,IN,15.8289,78.036,460184
Yola,NG,9.2084,12.4815,460000
Rạch Giá,VN,10.0124,105.0809,459860
Amagasaki,JP,34.7167,135.4167,459593
Manado,ID,1.4822,124.8489,458582
Santo Domingo de los Colorados,EC,-0.2537,-79.1763,458580
Ţarţūs,SY,34.889,35.8866,458327
Mek'ele,ET,13.4967,39.4753,457900
Nazrēt,ET,8.55,39.2667,456900
Colorado Springs,US,38.8339,-104.8214,456568
Huancayo,PE,-12.0687,-75.2103,456250
Al Hillah,IQ,32.4637,44.4196,455700
Mbandaka,CD,0.0486,18.2603,455011
Malanje,AO,-9.5402,16.341,455000
Namp’o,KP,38.7375,125.4078,455000
Ciudad General Escobedo,MX,25.7966,-100.3177,454967
Bacolod City,PH,10.6667,122.95,454898
Virginia Beach,US,36.8529,-75.978,454808
Wafangdian,CN,39.6183,122.0081,454338
Mansilingan,PH,10.6311,122.9789,454150
Kahama,TZ,-3.8333,32.6,453654
Hsinchu,TW,24.8036,120.9686,453536
Katsushika,JP,35.7333,139.85,453093
Rāmgundam,IN,18.8008,79.4521,452261
Batman,TR,37.8874,41.1322,452157
Yongji,CN,34.8661,110.4403,452000
Lishui,CN,28.4604,119.9103,451418
Udaipur,IN,24.5858,73.7135,451100
Warder,ET,6.9744,45.3408,450400
Wenshan City,CN,23.3631,104.2505,450000
Eslamshahr,IR,35.5522,51.235,450000
Juba,SS,4.8517,31.5825,450000
Muratpaşa,TR,36.8916,30.765,450000
Bắc Giang,VN,21.2731,106.1946,450000
Şanlıurfa,TR,37.1671,38.7939,449549
Chengde,CN,40.9519,117.9588,449325
Kursk,RU,51.7269,36.1846,448733
Maheshtala,IN,22.5086,88.2532,448317
Nam Định,VN,20.4339,106.1773,448225
Constantine,DZ,36.365,6.6147,448028
Patiāla,IN,30.3362,76.3922,446246
Boksburg,ZA,-26.212,28.2596,445168
Basuo,CN,19.1027,108.6656,444458
Campina Grande,BR,-7.2306,-35.8811,443911
Ensenada,MX,31.8715,-116.6007,443807
Elazığ,TR,38.6743,39.2232,443363
Jundiaí,BR,-23.1864,-46.8842,443221
Xochimilco,MX,19.2547,-99.1036,442178
Shyamnagar,IN,22.8333,88.3667,441956
Dasmariñas,PH,14.3294,120.9367,441876
Zhangjiajie,CN,29.1294,110.4783,441804
Mataram,ID,-8.5833,116.1167,441147
Korhogo,CI,9.458,-5.6296,440926
Piracicaba,BR,-22.7253,-47.6492,440835
Fujisawa,JP,35.3493,139.4767,439728
Bissau,GW,11.8636,-15.5977,439704
Sandakan,MY,5.8402,118.1179,439050
Mawlamyine,MM,16.4905,97.6282,438861
Laval,CA,45.5699,-73.692,438366
Palma,ES,39.5694,2.6502,438234
Montes Claros,BR,-16.735,-43.8617,437601
Sunch’ŏn,KP,39.4317,125.9328,437000
Sultangazi,TR,41.1065,28.8685,436935
Uyo,NG,5.0513,7.9335,436606
Bei’an,CN,48.2667,126.6,436444
Davangere,IN,14.4669,75.9269,435128
Ado-Ekiti,NG,7.6233,5.2209,435000
Manizales,CO,5.0668,-75.5068,434403
Masan,KR,35.1272,126.8315,434371
Buôn Ma Thuột,VN,12.6675,108.0378,434256
Stavropol,RU,45.0344,41.9642,433931
Shuozhou,CN,39.3158,112.4225,433700
Kashiwa,JP,35.8622,139.9773,433436
Ogbomoso,NG,8.1337,4.2401,433030
Tel Aviv,IL,32.0809,34.7806,432892
Goma,CD,-1.6741,29.2284,432587
Buenaventura,CO,3.5833,-77.0,432385
Welkom,ZA,-27.9774,26.7351,431944
Sham Shui Po,HK,22.3302,114.1595,431090
Machida,JP,35.5403,139.4508,431079
Venustiano Carranza,MX,19.4436,-99.105,430978
Zagazig,EG,30.5877,31.502,430445
Vinnytsya,UA,49.2322,28.4687,430091
Ismailia,EG,30.6043,32.2722,429465
Ningde,CN,26.6617,119.5228,429260
Akola,IN,20.7096,76.9981,428857
Kima Kieza,AO,-8.8341,13.2952,428855
Cusco,PE,-13.5319,-71.967,428450
Jiuquan,CN,39.7432,98.5174,428346
Veracruz,MX,19.1809,-96.1429,428323
East Jerusalem,PS,31.7834,35.2339,428304
Bryansk,RU,53.271,34.3214,427236
Maltepe,TR,40.9357,29.1551,427040
Sumgayit,AZ,40.5897,49.6686,427000
Tando Bago,PK,24.7891,68.9654,426535
Kuala Terengganu,MY,5.3302,103.1408,426500
Toyota,JP,35.0833,137.15,426162
Matadi,CD,-5.8386,13.4631,425662
Al Kharj,SA,24.1554,47.3346,425300
Wong Tai Sin,HK,22.35,114.1833,425235
Minna,NG,9.6152,6.5478,425000
Mandaluyong,PH,14.5784,121.0352,425000
Xalapa de Enríquez,MX,19.5312,-96.9159,424755
Rajpur Sonarpur,IN,22.4382,88.4321,424368
Bratislava,SK,48.1482,17.1067,423737
Taman Petaling,MY,3.1992,101.6498,423062
Shinagawa,JP,33.6363,133.0057,422488
Al Ḩasakah,SY,36.5024,40.7477,422445
Luxor,EG,25.6989,32.6421,422407
London,CA,42.9834,-81.233,422324
Awasa,ET,7.0621,38.4763,422200
Chimoio,MZ,-19.1164,33.4833,422046
Tando Allahyar,PK,25.4605,68.7174,421923
Daloa,CI,6.8773,-6.4502,421871
Barra da Tijuca,BR,-22.9983,-43.3655,421438
Dingxi,CN,35.5709,104.623,420614
Bamenda,CM,5.9597,10.146,420445
Tver,RU,56.8584,35.9006,420065
Thái Nguyên,VN,21.5942,105.8482,420000
Boa Vista,BR,2.8197,-60.6733,419652
Rio Branco,BR,-9.9747,-67.81,419452
Oakland,US,37.8044,-122.2708,419267
Christchurch,NZ,-43.5333,172.6333,419200
Korba,IN,22.3458,82.6963,419146
Takamatsu,JP,34.3333,134.05,418994
Kowloon City,HK,22.3305,114.1922,418732
Santos,BR,-23.9608,-46.3336,418608
Tirana,AL,41.3274,19.8187,418495
Petrolina,BR,-9.3986,-40.5008,418444
Mauá,BR,-23.6678,-46.4614,418261
San Juan,PR,18.4663,-66.1057,418140
Alor Setar,MY,6.121,100.3601,417800
Tongchuan,CN,34.8988,108.9506,417740
Pasay,PH,14.5375,121.0014,416522
Nuevo Laredo,MX,27.4763,-99.5164,416055
Toyama,JP,36.7,137.2167,415844
Tétouan,MA,35.5784,-5.3684,415810
Zürich,CH,47.3667,8.55,415367
Beylikdüzü,TR,40.982,28.6399,415290
Việt Trì,VN,21.3227,105.402,415280
Azcapotzalco,MX,19.487,-99.1859,414711
Tampa,US,27.9475,-82.4584,414547
Bunamwaya,UG,0.2534,32.5572,413400
Magnitogorsk,RU,53.3981,59.0066,413351
Tulsa,US,36.154,-95.9928,413066
Jhānsi,IN,25.4589,78.5799,412927
Tseung Kwan O,HK,22.3279,114.2499,412900
Ciudad Bolívar,VE,8.1237,-63.5469,412619
Kampung Kangkar Teberau,MY,1.532,103.7549,412373
Koumassi,CI,5.2972,-3.9675,412282
San Nicolás de los Garza,MX,25.7417,-100.3022,412199
Guyuan,CN,36.0067,106.2808,411854
Wandsbek,DE,53.5833,10.0831,411422
Minneapolis,US,44.98,-93.2638,410939
Jayapura,ID,-2.5337,140.7181,410852
Thoothukudi,IN,8.7674,78.1342,410760
Ardabīl,IR,38.2498,48.2933,410753
Ballari,IN,15.142,76.924,410445
Chaoyang,CN,41.5703,120.4586,410005
Gaza,PS,31.5016,34.4667,410000
Maringá,BR,-23.4253,-51.9386,409657
Yokosuka,JP,35.2836,139.6672,409478
Kom Ombo,EG,24.4767,32.9463,409311
Saltivka,UA,50.0221,36.349,409300
Nagasaki,JP,32.75,129.8833,409118
Gujangbagh,CN,37.1093,79.9343,408894
Tonalá,MX,20.6226,-103.2417,408759
Panama City,PA,8.9936,-79.5197,408168
Uvira,CD,-3.3953,29.1378,407092
Hirakata,JP,34.8135,135.6491,406331
Ivanovo,RU,56.9999,40.9726,406113
Cumaná,VE,10.4639,-64.1786,405626
Newcastle,ZA,-27.758,29.9318,404838
Gumi,KR,36.1136,128.336,404691
Jixi,CN,45.2932,130.9622,403759
Diadema,BR,-23.6861,-46.6228,403579
Kuching,MY,1.55,110.3333,402738
Gifu,JP,35.4229,136.7604,402557
Caruaru,BR,-8.2833,-35.9761,402290
Tongling,CN,30.95,117.7833,402062
Tarlac City,PH,15.4802,120.5979,401892
Toyonaka,JP,34.7824,135.4693,401558
Kassala,SD,15.451,36.4,401477
Miyazaki,JP,31.9167,131.4167,401339
Lekki,NG,6.4463,3.4772,401272
Antofagasta,CL,-23.6509,-70.3975,401096
Wah Cantt,PK,33.7709,72.7512,400733
Bhāgalpur,IN,25.2445,86.9718,400146
Agartala,IN,23.8361,91.2794,400004
Dayrah,AE,25.2714,55.3021,400000
West Jerusalem,IL,31.782,35.2196,400000
Bida,NG,9.0804,6.0099,400000
Bunia,CD,1.5594,30.2522,399282
Antakya,TR,36.2066,36.1572,399045
Quận Mười,VN,10.7682,106.6663,399000
Sunshine Coast,AU,-26.6568,153.0796,398840
Kisumu,KE,-0.1022,34.7617,397957
Luhansk,UA,48.5681,39.3055,397677
Bengkulu,ID,-3.8004,102.2655,397321
Barinas,VE,8.6206,-70.231,397279
Vitória da Conquista,BR,-14.8661,-40.8394,396613
Wichita,US,37.6922,-97.3375,396119
Al Hoceïma,MA,35.2516,-3.9372,395644
Szczecin,PL,53.4289,14.553,395513
Delmas,HT,18.5448,-72.3004,395260
Vila Velha,BR,-20.3297,-40.2925,394930
Bologna,IT,44.4938,11.3387,394843
Sejong,KR,36.5924,127.2922,394630
Cazenga,AO,-8.838,13.284,394170
Samsun,TR,41.2798,36.3361,394050
Tallinn,EE,59.437,24.7535,394024
Tanga,TZ,-5.0689,39.0988,393429
El Obeid,SD,13.1842,30.2167,393311
Lobito,AO,-12.3644,13.536,393079
Saurimo,AO,-9.6608,20.3915,393000
Bauru,BR,-22.3147,-49.0606,392947
Bello,CO,6.3373,-75.558,392939
Pasto,CO,1.2146,-77.2785,392930
Gaomi,CN,36.3833,119.7528,391986
Santa Fe,AR,-31.6488,-60.7087,391164
San-Pédro,CI,4.7485,-6.6363,390654
Makurdi,NG,7.7337,8.5214,390000
Palu,ID,-0.9083,119.8708,389959
Takoradi,GH,4.8982,-1.7603,389114
Samut Prakan,TH,13.5976,100.5972,388920
Arlington,US,32.7357,-97.1081,388125
Khamis Mushait,SA,18.3,42.7333,387553
Ambato,EC,-1.2491,-78.6167,387309
Carapicuíba,BR,-23.5227,-46.835,386984
Ojo de Agua,MX,19.6803,-99.01,386290
Windhoek,NA,-22.5594,17.0832,386219
Abomey-Calavi,BJ,6.4485,2.3557,385755
Bochum,DE,51.4817,7.2165,385729
Suita,JP,34.7614,135.5157,385567
Benito Juárez,MX,19.3727,-99.1564,385439
Sector 3,RO,44.4234,26.1687,385439
Chak Jhumra,PK,31.5681,73.1832,385169
Kahramanmaraş,TR,37.5847,36.9264,384953
Chongzuo,CN,22.3816,107.3683,384905
Grajaú,BR,-23.7698,-46.6711,384873
Okazaki,JP,34.95,137.1667,384654
Xico,MX,19.2703,-98.9509,384327
Iztacalco,MX,19.3953,-99.0978,384326
Kākināda,IN,16.9604,82.2381,384182
Betim,BR,-19.9678,-44.1983,384000
Las Palmas de Gran Canaria,ES,28.1018,-15.4157,383516
Cotabato,PH,7.2236,124.2464,383383
Bawshar,OM,23.5777,58.3998,383257
Latur,IN,18.3972,76.5678,382940
Tanzhou,CN,22.255,113.4669,382445
Wellington,NZ,-41.2866,174.7756,381900
Mazatlán,MX,23.2216,-106.4189,381583
Nizhny Tagil,RU,57.9194,59.965,381116
Irapuato,MX,20.671,-101.3558,380941
Ichinomiya,JP,35.3,136.8,380073
Aswān,EG,24.0908,32.8994,379774
Brno,CZ,49.1952,16.608,379466
Iaşi,RO,47.1667,27.6,378954
Krugersdorp,ZA,-26.0858,27.7752,378821
Pānihāti,IN,22.6909,88.374,378705
Shibganj,BD,25.0015,89.3227,378701
Caucaia,BR,-3.7361,-38.6531,378406
Iquitos,PE,-3.7481,-73.2529,377609
Toyohashi,JP,34.7667,137.3833,377453
Hechuan,CN,29.9923,106.2646,377213
Pétionville,HT,18.5125,-72.2853,376834
Utrecht,NL,52.0908,5.1222,376435
Rajamahendravaram,IN,17.0052,81.7778,376333
Cariacica,BR,-20.2639,-40.42,376200
Yogyakarta,ID,-7.8014,110.3647,375699
Dhule,IN,20.9013,74.7774,375559
Minato,JP,34.2152,135.1501,375339
Puchong,MY,3.0,101.6167,375181
Ondo,NG,7.0932,4.8353,375000
Rohtak,IN,28.8945,76.5892,374292
Bhawana,PK,31.5688,72.6492,373841
Rustenburg,ZA,-25.6676,27.2421,373695
Bakersfield,US,35.3733,-119.0187,373640
Xuanhua,CN,40.6121,115.0646,373422
Emalahleni,ZA,-25.8713,29.2332,373403
Bafoussam,CM,5.4778,10.4176,373268
Thủ Dầu Một,VN,10.9804,106.6519,373105
Takasaki,JP,36.3333,139.0167,372973
Seremban,MY,2.7297,101.9381,372917
Miguel Hidalgo,MX,19.4341,-99.2002,372889
Nagano,JP,36.65,138.1833,372760
Tawau,MY,4.2448,117.8911,372615
Cardiff,GB,51.48,-3.18,372089
Dachang,CN,31.3087,121.4153,371856
Đống Đa,VN,21.013,105.825,371606
Chitungwiza,ZW,-18.0127,31.0755,371246
Fenghuang,CN,27.9356,109.5996,370000
Umuahia,NG,5.5249,7.4946,370000
Puerto La Cruz,VE,10.2138,-64.6328,370000
Uşak,TR,38.6735,29.4058,369433
Bharatpur,NP,27.6803,84.4365,369377
Itaquaquecetuba,BR,-23.4861,-46.3483,369275
Natore,BD,24.4111,88.9867,369138
6th of October City,EG,29.8167,31.05,368650
Leicester,GB,52.6386,-1.1317,368600
Desna,UA,50.5221,30.6823,368500
Cascavel,BR,-24.9558,-53.4553,368195
Sector 6,RO,44.4358,26.0165,367760
Canberra,AU,-35.2835,149.1281,367752
Avellaneda,AR,-34.6602,-58.3674,367554
Praia Grande,BR,-24.0058,-46.4028,367400
Nara-shi,JP,34.685,135.8048,367353
Florence,IT,43.7792,11.2463,367150
Ahilyanagar,IN,19.0946,74.7384,367140
Kollam,IN,8.8811,76.5847,367107
Huanggang,CN,30.4514,114.8704,366769
Bradford,GB,53.7939,-1.7521,366187
Sukabumi,ID,-6.9181,106.9267,365735
Bilāspur,IN,22.08,82.1554,365579
Malabon,PH,14.6733,120.9397,365525
Franca,BR,-20.5386,-47.4008,365494
Cleveland,US,41.4995,-81.6954,365379
Iseyin,NG,7.9702,3.5963,365300
Etobicoke,CA,43.6442,-79.5699,365000
Yenagoa,NG,4.9268,6.2676,365000
Gboko,NG,7.3228,9.0011,365000
Samba,AO,-8.88,13.1962,364986
Olinda,BR,-8.0089,-34.8553,364717
Pyeongtaek,KR,36.9947,127.0889,364694
Petare,VE,10.4768,-66.8079,364684
Bến Cát,VN,11.15,106.6,364578
Anqiu,CN,36.4342,119.1925,364208
Alanya,TR,36.5438,31.9998,364180
Larkana,PK,27.559,68.212,364033
Al Qadarif,SD,14.0349,35.3834,363945
Hrodna,BY,53.6758,23.8289,363718
Cibinong,ID,-6.4817,106.8542,363424
Nawabshah,PK,26.2394,68.4037,363138
New Orleans,US,29.9547,-90.0751,362701
Keelung,TW,25.1309,121.7409,362487
Malmö,SE,55.6059,13.0007,362133
Jizhou,CN,37.5505,115.5687,362013
Manukau City,NZ,-36.9928,174.8799,362000
Maradi,NE,13.5,7.1017,361702
Burewala,PK,30.1667,72.65,361664
Ataşehir,TR,40.9833,29.1167,361615
Blumenau,BR,-26.9194,-49.0661,361261
Nanqiao,CN,30.9161,121.4494,361185
Mingora,PK,34.7795,72.3627,361112
Santarém,BR,-2.4431,-54.7083,360871
Wuppertal,DE,51.2563,7.1482,360797
Ulan-Ude,RU,51.8265,107.5998,360278
Huocheng,CN,44.053,80.8717,360000
Ijebu Ode,NG,6.8194,3.9173,360000
Maseru,LS,-29.3167,27.4833,359753
Bhilwara,IN,25.3471,74.6408,359483
Aurora,US,39.7294,-104.8319,359407
Vitebsk,BY,55.1904,30.2049,358927
Sultanbeyli,TR,40.9607,29.2707,358201
Taraz,KZ,42.898,71.3733,358153
Yangsan,KR,35.342,129.0336,358074
Dniprovskyi,UA,50.4537,30.6015,357900
San Jose del Monte,PH,14.8139,121.0453,357828
Abū al-Kahṣīb,IQ,30.4431,47.878,357771
Gwangmyeong,KR,37.4772,126.8664,357545
Zanjan,IR,36.6764,48.4963,357471
Neiva,CO,2.93,-75.2797,357392
Iwaki,JP,37.05,140.8833,357309
Vladimir,RU,56.1385,40.3998,357024
Tete,MZ,-16.1564,33.5867,357000
Bacoor,PH,14.459,120.9385,356974
Uberaba,BR,-19.7483,-47.9319,356781
Wakayama,JP,34.2333,135.1667,356729
Brahmapur,IN,19.3115,84.7929,356598
Fengshan,TW,22.6266,120.3613,356463
Fatih,TR,41.0225,28.9408,356025
Misratah,LY,32.3753,15.0925,355657
Cuíto,AO,-12.3833,16.9333,355423
Benito Juarez,MX,19.3984,-99.1577,355017
Kyzylorda,KZ,44.8528,65.5092,354800
Sinjhoro,PK,26.0301,68.8087,354709
Kawagoe,JP,35.9086,139.4853,354571
Takatsuki,JP,34.8483,135.6168,354468
Muzaffarpur,IN,26.1226,85.3906,354462
Tapachula,MX,14.9054,-92.2589,353706
Lhoka,CN,29.243,91.7724,353700
Villahermosa,MX,17.9862,-92.9393,353577
Setapak,MY,3.207,101.727,353268
Mahilyow,BY,53.9088,30.3404,352896
Bandar Abbas,IR,27.1865,56.2808,352173
Pravyi Bereh,UA,47.115,37.5852,352088
Yunusobod,UZ,41.3714,69.2794,352000
Ras Al Khaimah,AE,25.7895,55.9432,351943
Cabimas,VE,10.3991,-71.4521,351736
Kendari,ID,-3.9778,122.5151,351085
Honolulu,US,21.3069,-157.8583,350964
Anaheim,US,33.8353,-117.9145,350742
Tarsus,TR,36.9177,34.8928,350732
Pengze,CN,29.8988,116.5457,350000
Bahir Dar,ET,11.5936,37.3908,350000
Punāsa,IN,22.2351,76.3933,350000
Al Maḩmūdīyah,IQ,33.0622,44.3656,350000
Diepsloot,ZA,-25.9331,28.0121,350000
Xilinhot,CN,43.9389,116.0702,349953
São José dos Pinhais,BR,-25.5302,-49.2084,349880
Quelimane,MZ,-17.8786,36.8883,349842
Arkhangel’sk,RU,64.5461,40.5518,349742
Muzaffarnagar,IN,29.4709,77.7033,349706
Hulunbuir,CN,49.2114,119.7558,349400
Dumai,ID,1.6671,101.4432,349389
Shinjuku,JP,35.6912,139.7085,349385
Sikasso,ML,11.3176,-5.6665,349324
Sanandaj,IR,35.315,46.9988,349176
Chita,RU,52.0431,113.4917,349005
San Pedro,PH,14.3595,121.0473,348968
Alicante,ES,38.3452,-0.4815,348901
Bimbo,CF,4.2567,18.4158,348802
Kalemyo,MM,23.1901,94.064,348573
Belfast,GB,54.5968,-5.9254,348005
Long Bien,VN,21.0333,105.9,347829
Camagüey,CU,21.3808,-77.9169,347562
Daye,CN,30.0833,114.95,347406
Bilbao,ES,43.2627,-2.9253,347342
Ambon,ID,-3.6958,128.1833,347288
Brest,BY,52.1089,23.7175,347138
Ribeirão das Neves,BR,-19.7669,-44.0867,346971
Chifeng,CN,42.2683,118.9636,346654
Central Coast,AU,-33.4298,151.3714,346596
Corrientes,AR,-27.4678,-58.8344,346334
Hŭngnam,KP,39.842,127.6321,346082
Avadi,IN,13.1147,80.1098,345996
Yunlong,CN,34.2528,117.2517,345393
Koshigaya,JP,35.8903,139.7892,345353
Coventry,GB,52.4066,-1.5122,345324
Belgorod,RU,50.6034,36.5809,345289
Toamasina,MG,-18.1492,49.4023,345107
Logan City,AU,-27.6392,153.1094,345098
Ōtsu,JP,35.0,135.8667,345070
Kosti,SD,13.1629,32.6635,345068
Qitaihe,CN,45.768,130.9953,345033
Doha,QA,25.2855,51.531,344939
Kadapa,IN,14.48,78.8235,344893
Nakano,JP,35.7045,139.6695,344880
Cirebon,ID,-6.7063,108.557,344851
Turmero,VE,10.2286,-67.4742,344700
Tokorozawa,JP,35.7992,139.469,344194
Cabanatuan City,PH,15.4859,120.9665,343672
Pizhou,CN,34.3114,117.9503,343421
Darnytsya,UA,50.416,30.6953,343384
Dire Dawa,ET,9.5931,41.8661,343000
Annaba,DZ,36.9,7.7667,342703
Nice,FR,43.7031,7.2661,342669
Iligan,PH,8.2289,124.2434,342618
Soledad,CO,10.9184,-74.7646,342556
Temara,MA,33.9287,-6.9066,342345
Shiqi,CN,22.5168,113.3852,342306
Paulista,BR,-7.9408,-34.8731,342167
Obalende,NG,6.4469,3.4153,342000
Kukatpally,IN,17.4849,78.4138,341709
Laixi,CN,36.8592,120.5269,341470
Dihok,IQ,36.8661,42.9879,340900
Kaluga,RU,54.5306,36.27,340851
Bắc Từ Liêm,VN,21.0653,105.7466,340605
Celaya,MX,20.5218,-100.814,340387
Serekunda,GM,13.4383,-16.6781,340000
Kafrul,BD,23.7882,90.3736,339734
Karşıyaka,TR,38.4577,27.1142,339624
Ḩadā’iq al Qubbah,EG,30.0884,31.2835,339612
Makiyivka,UA,48.0478,37.9258,338968
West Raleigh,US,35.7868,-78.6639,338759
Cuernavaca,MX,18.9261,-99.2308,338650
Markham,CA,43.8668,-79.2663,338503
São Vicente,BR,-23.9631,-46.3919,338326
Kaesŏng,KP,37.9708,126.5544,338155
Tungi,BD,23.8915,90.4023,337579
Krasnogvargeisky,RU,59.9731,30.4761,337091
Randburg,ZA,-26.0941,28.0012,337053
Safi,MA,32.2994,-9.2372,336883
Simferopol,UA,44.9572,34.1108,336460
Lublin,PL,51.2506,22.5701,336339
Pelotas,BR,-31.77,-52.341,336150
San José,CR,9.9339,-84.0849,335007
Orlando,US,28.5383,-81.3792,334854
Viña del Mar,CL,-33.0246,-71.5518,334248
Tieling,CN,42.2931,123.8414,333907
Qazvin,IR,36.2688,50.0041,333635
Asahikawa,JP,43.7706,142.3649,333530
Kāmārhāti,IN,22.6711,88.3747,332965
Tepic,MX,21.5073,-104.8933,332863
Wŏnju,KR,37.3514,127.9453,332849
Wad Medani,SD,14.4012,33.5199,332714
Quận Mười Một,VN,10.7638,106.6436,332536
Nukus,UZ,42.4586,59.6058,332500
Konak,TR,38.4,27.1,332277
Maebashi,JP,36.4,139.0833,332149
Kita,JP,35.7526,139.7335,332140
Ciudad Victoria,MX,23.7406,-99.1436,332100
Soledad de Graciano Sánchez,MX,22.1891,-100.9379,332072
Kochi,JP,33.55,133.5333,332059
Bielefeld,DE,52.0333,8.5333,331906
Blida,DZ,36.47,2.8277,331779
Kwai Chung,HK,22.3683,114.1388,331600
Mandaue City,PH,10.3236,123.9222,331320
Ganja,AZ,40.6816,46.3613,330663
Khorramshahr,IR,30.4408,48.1843,330606
Bonn,DE,50.7344,7.0955,330579
Mathura,IN,27.5035,77.6722,330511
Hechi,CN,24.6928,108.0838,330131
Bydgoszcz,PL,53.1235,18.0076,330038
Smolensk,RU,54.7783,32.0509,330025
Oral,KZ,51.246,51.4256,330000
Khorramabad,IR,33.4878,48.3558,329825
Soyapango,SV,13.7102,-89.1399,329708
Tongshan,CN,34.1805,117.1571,329661
Guédiawaye,SN,14.7745,-17.4021,329659
Plovdiv,BG,42.1539,24.75,329489
Ciudad Obregón,MX,27.4864,-109.9408,329404
Wŏnsan,KP,39.1528,127.4436,329207
Brent,GB,51.5531,-0.3023,329100
Pavlodar,KZ,52.276,76.9688,329002
Chānda,IN,19.9508,79.2952,328351
Canoas,BR,-29.9178,-51.1836,328291
Kōriyama,JP,37.4,140.3833,327692
Sochi,RU,43.597,39.7248,327608
Aksaray,TR,38.3725,34.0254,327575
Vijayapura,IN,16.8244,75.7154,327427
Chipata,ZM,-13.6333,32.65,327059
Chongjin,KP,41.7956,129.7758,327000
Yanji,CN,42.8882,129.5024,326957
Roodepoort,ZA,-26.1625,27.8725,326416
Pucallpa,PE,-8.3791,-74.5539,326040
Mogi das Cruzes,BR,-23.5228,-46.1883,325746
Córdoba,ES,37.8916,-4.7728,325708
Birkenhead,GB,53.3934,-3.0148,325264
Nantes,FR,47.2172,-1.5534,325070
Ilesa,NG,7.6279,4.7416,325000
Pekalongan,ID,-6.8886,109.6753,324564
Bhatara,BD,23.8,90.45,324300
Espoo,FI,60.2052,24.6522,323910
Kikuyu,KE,-1.2463,36.6629,323881
Kluang,MY,2.0305,103.3169,323762
Lincang,CN,23.8797,100.0945,323708
Nottingham,GB,52.9536,-1.1505,323632
Ramiros,AO,-9.0626,13.0456,323576
Al ‘Amārah,IQ,31.8356,47.1448,323302
Volzhsky,RU,48.7858,44.7797,323293
Vaughan,CA,43.8361,-79.4983,323103
Xingyi,CN,25.0962,104.9064,322890
Shivamogga,IN,13.9316,75.5679,322650
Alwar,IN,27.5625,76.625,322568
Uíge,AO,-7.6087,15.0613,322531
Taubaté,BR,-23.0264,-45.5553,322397
Ixtapaluca,MX,19.3156,-98.8828,322271
Osh,KG,40.5283,72.7985,322164
Portoviejo,EC,-1.0576,-80.4514,321800
Villavicencio,CO,4.1324,-73.6256,321717
Man’gyŏngdae-ri,KP,38.9918,125.6587,321690
Camaçari,BR,-12.6975,-38.3242,321636
San Miguelito,PA,9.0503,-79.4707,321501
Shāhjānpur,IN,27.8817,79.9092,320434
Lexington,US,37.9887,-84.4777,320347
Tantou,CN,22.7512,113.835,320304
Suzano,BR,-23.5425,-46.3108,320261
Anápolis,BR,-16.3267,-48.9528,319587
Kaech’ŏn,KP,39.7006,125.8933,319554
Jūnāgadh,IN,21.5197,70.4598,319462
Islington,GB,51.5362,-0.103,319143
Holguín,CU,20.8872,-76.2631,319102
Ust-Kamenogorsk,KZ,49.9714,82.6059,319067
Tsuen Wan,HK,22.3714,114.1133,318916
Zinder,NE,13.8072,8.9881,318874
Saransk,RU,54.1848,45.1717,318841
Al Diwaniyah,IQ,31.9929,44.9255,318801
Varna,BG,43.2191,27.9102,318737
Hafizabad,PK,32.071,73.688,318621
Marne La Vallée,FR,48.8358,2.6424,318325
Palangkaraya,ID,-2.2083,113.9167,318247
Damanhur,EG,31.0341,30.4682,318207
Chiniot,PK,31.7209,72.9784,318165
Popayán,CO,2.4382,-76.6132,318059
Reading,GB,51.4562,-0.9711,318014
Geita,TZ,-2.8725,32.2325,318006
Constanţa,RO,44.1807,28.6343,317832
New Delhi,IN,28.6214,77.2148,317797
Thessaloníki,GR,40.6407,22.9349,317778
Thiès,SN,14.7894,-16.926,317763
Naha,JP,26.213,127.6785,317625
Riverside,US,33.9534,-117.3962,317261
Baicheng,CN,45.6175,122.833,316970
Chimbote,PE,-9.0751,-78.5937,316966
Bari,IT,41.1207,16.8698,316491
Barueri,BR,-23.5106,-46.8761,316473
Corpus Christi,US,27.8006,-97.3964,316239
Thrissur,IN,10.5167,76.2167,315957
Cherepovets,RU,59.1333,37.9,315738
Eloy Alfaro,EC,-2.1692,-79.8399,315724
Hamburg-Nord,DE,53.5894,9.984,315514
Al-Kut,IQ,32.5128,45.8182,315162
Muar,MY,2.0442,102.5689,314776
Şişli,TR,41.0605,28.9872,314684
Lexington-Fayette,US,38.0498,-84.4586,314488
Maroua,CM,10.5909,14.3159,314122
Kingston upon Hull,GB,53.7446,-0.3352,314018
Preston,GB,53.7628,-2.7045,313332
Lianshan,CN,40.7643,120.8533,313247
Denizli,TR,37.7742,29.0875,313238
Ikeja,NG,6.5965,3.342,313196
New Cairo,EG,30.03,31.47,313139
Al Qāhirah al Jadīdah,EG,30.0421,31.4445,313139
Vitória,BR,-20.3194,-40.3378,312656
Palmira,CO,3.5394,-76.3036,312519
Vologda,RU,59.2239,39.884,312420
Iligan City,PH,8.25,124.4,312323
Catania,IT,37.4922,15.0704,311584
Jardim Angela,BR,-23.7164,-46.7687,311432
Nizāmābād,IN,18.6715,78.0988,311152
Cincinnati,US,39.1271,-84.5144,311097
Percut,ID,3.6253,98.864,311063
Coatzacoalcos,MX,18.149,-94.4447,310698
Santa Ana,US,33.7456,-117.8678,310227
Sariwŏn-si,KP,38.5072,125.7558,310100
Botshabelo,ZA,-29.2674,26.726,309714
Butuan,PH,8.9492,125.5436,309709
Shahrīār,IR,35.6588,51.0577,309607
Qods,IR,35.7214,51.109,309605
Gia Lâm,VN,21.02,105.939,309353
Kurgan,RU,55.449,65.3434,309285
Tampico,MX,22.2852,-97.8778,309003
Akowonjo,NG,6.6101,3.3097,308900
Cabuyao,PH,14.2726,121.1262,308745
Tabora,TZ,-5.0162,32.8266,308741
Kasugai,JP,35.2476,136.9723,308681
An Nhơn,VN,13.8858,109.1082,308396
Alimosho,NG,6.6066,3.3024,308290
Ciudad Benito Juárez,MX,25.6466,-100.0914,308285
Münster,DE,51.9624,7.6257,308258
Mannheim,DE,49.4891,8.4669,307960
Karawang,ID,-6.3053,107.3197,307880
Akita,JP,39.7167,140.1167,307672
Tumkūr,IN,13.3414,77.1022,307359
Chinju,KR,35.1928,128.0847,307242
Parbhani,IN,19.2686,76.7708,307170
Hisar,IN,29.1539,75.7229,307024
Iksan,KR,35.9439,126.9544,307000
Fīrozābād,IN,27.1509,78.3978,306409
Palmas,BR,-10.1675,-48.3277,306296
Vladikavkaz,RU,43.041,44.6699,306258
Port-de-Paix,HT,19.9398,-72.8304,306217
Damietta,EG,31.4165,31.8133,305920
Posadas,AR,-27.3918,-55.9238,305874
Parauapebas,BR,-6.0675,-49.9022,305771
Brakpan,ZA,-26.2366,28.3694,305692
Stockton,US,37.9577,-121.2908,305658
Juazeiro do Norte,BR,-7.2131,-39.3153,305531
Yokkaichi,JP,34.9667,136.6167,305424
Kulti,IN,23.7317,86.8437,305405
Tláhuac,MX,19.2869,-99.0051,305076
Sapele,NG,5.8941,5.6767,305000
Kashan,IR,33.9824,51.4277,304487
Kāshān,IR,34.0023,51.4388,304487
Pittsburgh,US,40.4406,-79.9959,304391
Armenia,CO,4.5366,-75.6726,304314
Santa Catarina,MX,25.6732,-100.4581,304052
Sumbawanga,TZ,-7.9667,31.6167,303986
Orël,RU,52.9688,36.0791,303696
Akashi,JP,34.6552,135.0069,303601
Hai Bà Trưng,VN,21.0134,105.8477,303586
Kurume,JP,33.3167,130.5167,303579
Graz,AT,47.0673,15.442,303270
Saint Paul,US,44.9444,-93.0933,303176
Saltivskyi,UA,49.999,36.316,302600
Nghi Sơn,VN,19.3275,105.8214,302210
Karnāl,IN,29.692,76.9845,302140
Changyi,CN,36.8536,119.3908,302072
Ciudad del Este,PY,-25.5036,-54.6507,301815
Rosetta,EG,31.3995,30.4172,301795
Barddhamān,IN,23.2557,87.8569,301725
Toshima,JP,35.7613,139.7449,301599
Kediri,ID,-7.8167,112.0167,301424
Solwezi,ZM,-12.1688,26.3894,301370
Hamburg-Mitte,DE,53.55,10.0167,301231
Augsburg,DE,48.3715,10.8985,301105
South Dublin,IE,53.2903,-6.3415,301075
Valladolid,ES,41.6554,-4.7235,300618
Miri,MY,4.3993,113.9916,300543
Xinyi,CN,34.3842,118.3462,300511
Mardan,PK,34.1979,72.0496,300424
Surgut,RU,61.2576,73.4177,300367
Swansea,GB,51.6208,-3.9432,300352
San Pablo,PH,14.0683,121.3256,300166
Newcastle upon Tyne,GB,54.9733,-1.614,300125
Gundupālaiyam,IN,11.941,79.8029,300104
Várzea Grande,BR,-15.6467,-56.1325,300078
Gatineau,CA,45.4772,-75.7016,300045
Yangshuo,CN,24.7808,110.4897,300000
Biñan,PH,14.3427,121.0807,300000
Malir Cantonment,PK,24.9434,67.2059,300000
Winejok,SS,9.0122,27.5708,300000
Batikent,TR,39.9683,32.7308,300000
Mérida,VE,8.579,-71.1692,300000
Linqu,CN,36.5156,118.5397,299646
Uruapan,MX,19.4168,-102.0584,299523
Pātan,NP,27.6766,85.3142,299283
Fergana,UZ,40.3842,71.7843,299200
Bahía Blanca,AR,-38.7176,-62.2655,299101
Santol,PH,15.1622,120.5675,298976
Kaolack,SN,14.152,-16.0726,298904
Jember,ID,-8.1721,113.6995,298585
Aomori,JP,40.8167,140.7333,298394
Bārāsat,IN,22.7215,88.482,298127
Mulugu,IN,18.191,79.943,297671
Foz do Iguaçu,BR,-25.5478,-54.5881,297352
Bihār Sharīf,IN,25.2008,85.5239,297268
Tegal,ID,-6.8694,109.1402,297173
Grozny,RU,43.312,45.6889,297137
Boma,CD,-5.851,13.0536,297009
Bāli,IN,22.6486,88.3411,296973
Pu'er,CN,22.7886,100.9748,296565
Rāmpur,IN,28.8101,79.027,296418
Darbhanga,IN,26.1522,85.8971,296039
Panipat,IN,29.3875,76.9682,295970
Mwene,CD,-9.817,22.8702,295683
Białystok,PL,53.1333,23.1643,295683
São José,BR,-27.6153,-48.6275,295658
Rufisque,SN,14.7154,-17.2733,295459
Murmansk,RU,68.9678,33.0992,295374
Tirupati,IN,13.6355,79.4199,295323
Southend-on-Sea,GB,51.5378,0.7143,295310
Petrópolis,BR,-22.505,-43.1786,294926
Guarujá,BR,-23.9931,-46.2564,294871
Itajaí,BR,-26.9078,-48.6619,294850
Lincoln,US,40.8,-96.667,294757
Phu Quoc,VN,10.2241,103.9716,294419
Baiyin,CN,36.547,104.1702,294400
Fukushima,JP,37.75,140.4667,294237
Bergen,NO,60.393,5.3242,294029
Greater Noida,IN,28.4962,77.536,293908
Noida,IN,28.58,77.33,293908
Tambov,RU,52.7363,41.441,293661
Vigo,ES,42.2328,-8.7226,293642
Aizawl,IN,23.7289,92.7179,293416
Banjarbaru,ID,-3.4406,114.8365,293332
Thanh Xuân,VN,20.9947,105.7998,293292
Al Hufūf,SA,25.3647,49.5876,293179
Cholula,MX,19.0641,-98.3035,292881
Gandhinagar,IN,23.2167,72.6833,292797
Semey,KZ,50.4206,80.2502,292780
Cầu Giấy,VN,21.0323,105.8007,292536
Dindigul,IN,10.369,77.9804,292512
Ponta Grossa,BR,-25.095,-50.1619,292177
Gaozhou,CN,21.9197,110.8568,292164
Kamoke,PK,31.9753,74.223,292023
Limeira,BR,-22.5647,-47.4017,291869
Thanjavur,IN,10.7852,79.1391,291067
Kariega,ZA,-33.7556,25.4007,291052
Adıyaman,TR,37.7644,38.2763,290883
Al Mubarraz,SA,25.4077,49.5903,290802
Resistencia,AR,-27.4636,-58.9866,290793
Morioka,JP,39.7,141.15,290700
Atyrau,KZ,47.1048,51.8843,290700
Sector 2,RO,44.4528,26.1332,290507
Xiuying,CN,20.0007,110.2936,290000
San Cristóbal,VE,7.7659,-72.2358,289852
Cileungsir,ID,-6.3947,106.9592,289833
Karīmnagar,IN,18.4392,79.1286,289821
Victoria,CA,48.4359,-123.3516,289625
Anchorage,US,61.2181,-149.9003,289600
Dewas,IN,22.9658,76.0553,289550
Batna,DZ,35.556,6.1741,289504
Kaunas,LT,54.9016,23.9091,289380
Sonīpat,IN,28.9948,77.0194,289333
Machala,EC,-3.2589,-79.9588,289141
Wiesbaden,DE,50.086,8.2444,288850
Meads,US,38.4126,-82.7091,288649
Kabwe,ZM,-14.4469,28.4464,288598
Sinŭiju,KP,40.1006,124.3981,288112
Meguro,JP,35.6322,139.7017,288088
Sector 4,RO,44.3757,26.1209,287828
Sumida,JP,35.7329,139.8209,287766
Ibaraki,JP,34.8164,135.5683,287730
Bắc Ninh,VN,21.1861,106.0763,287658
Ichalkaranji,IN,16.6912,74.4605,287353
Marienthal,DE,53.5667,10.0833,287101
Phú Mỹ,VN,10.6333,107.0667,287055
Ceilândia,BR,-15.8091,-48.131,287023
Katowice,PL,50.2597,19.0217,286960
Adapazarı,TR,40.7806,30.4033,286787
Cluj-Napoca,RO,46.7667,23.6,286598
Gunpo,KR,37.3675,126.9469,286485
Songea,TZ,-10.6833,35.65,286285
Butembo,CD,0.1416,29.2912,286242
Tacna,PE,-18.0146,-70.2536,286240
Tin Shui Wai,HK,22.4568,114.0023,286232
Long Xuyên,VN,10.3864,105.4352,286140
Savar,BD,23.8486,90.25,286008
Bathinda,IN,30.2075,74.9389,285788
Henderson,US,36.0397,-114.9819,285667
Jālna,IN,19.841,75.8864,285577
Sekondi,GH,4.9342,-1.7145,285506
Kyengera,UG,0.2952,32.5016,285400
Greensboro,US,36.0726,-79.792,285342
Haifa,IL,32.813,34.9993,285316
Århus,DK,56.1567,10.2108,285273
Dengzhou,CN,32.6827,112.0887,285032
Artux,CN,39.7084,76.1797,285000
Chuncheon,KR,37.8747,127.7342,284855
Alto Barinas,VE,8.5931,-70.2261,284289
Mbour,SN,14.422,-16.9638,284189
Brighton,GB,50.8284,-0.1395,283870
Karlsruhe,DE,49.0094,8.4044,283799
Port Moresby,PG,-9.4772,147.1509,283733
Minya,EG,28.0919,30.7581,283605
Plano,US,33.0198,-96.6989,283558
Marabá,BR,-5.3815,-49.1323,283542
Ichihara,JP,35.5167,140.0833,283531
Qibao,CN,31.1527,121.3569,283352
Kirāri Sulemānnagar,IN,28.6974,77.0648,283211
Cainta,PH,14.5786,121.1222,283172
Satna,IN,24.5773,80.8272,282977
Geelong,AU,-38.1471,144.3607,282809
Chernihiv,UA,51.5054,31.2866,282747
Xinyuan,CN,43.4265,83.2496,282718
Chapecó,BR,-27.0964,-52.6183,282648
Ba Vì,VN,21.0833,105.3833,282600
Valparaíso,CL,-33.036,-71.6296,282448
Ica,PE,-14.0754,-75.7342,282407
Purnia,IN,25.7789,87.4742,282248
Newark,US,40.7357,-74.1724,281944
Itagüí,CO,6.1846,-75.5991,281853
Nicolás Romero,MX,19.6418,-99.3068,281799
Gebze,TR,40.8028,29.4307,281436
Lichinga,MZ,-13.3128,35.2406,281341
Narsingdi,BD,23.923,90.7177,281080
Zeytinburnu,TR,40.9944,28.9042,280896
Sfax,TN,34.7406,10.7603,280566
Zumpango,MX,19.7967,-99.0995,280455
Merkezefendi,TR,37.8054,29.0424,280341
Madison,US,43.0731,-89.4012,280305
Bukhara,UZ,39.7703,64.4307,280187
Wollongong,AU,-34.424,150.8935,280153
Volta Redonda,BR,-22.5231,-44.1042,279971
Ostrava,CZ,49.8347,18.282,279791
St. Louis,US,38.6273,-90.1979,279695
Poltava,UA,49.5892,34.5537,279593
Sumaré,BR,-22.8219,-47.2669,279545
Efon-Alaaye,NG,7.6565,4.9223,279319
Binjai,ID,3.6001,98.4854,279302
Pematangsiantar,ID,2.9595,99.0687,279198
Petrozavodsk,RU,61.7849,34.3469,279190
Enshi,CN,30.3,109.4833,279185
Taganrog,RU,47.2363,38.9053,279056
Santa Teresa del Tuy,VE,10.2329,-66.6647,278890
Quảng Ngãi,VN,15.1205,108.7923,278496
Qarshi,UZ,38.8606,65.7891,278300
Tanghe,CN,32.6855,112.8323,278055
Coacalco,MX,19.6292,-99.1069,277959
Sincelejo,CO,9.3045,-75.3905,277773
Zoucheng,CN,35.4006,116.9656,277400
Khomeynī Shahr,IR,32.6856,51.5361,277334
Kostroma,RU,57.7664,40.9283,277280
Imphal,IN,24.8081,93.9442,277196
Gagnoa,CI,6.1319,-5.9506,277044
Ulu Bedok,SG,1.3333,103.9333,276990
Bedok New Town,SG,1.3264,103.9417,276990
Owo,NG,7.1962,5.5868,276574
Suncheon,KR,34.9505,127.4878,276375
Fangchenggang,CN,21.7694,108.3566,276315
Komsomolsk-on-Amur,RU,50.5503,137.01,275908
Abbottabad,PK,34.1463,73.2117,275890
Kaili,CN,26.5858,107.9797,275745
Hakodate,JP,41.7758,140.7367,275730
Yamoussoukro,CI,6.8205,-5.2767,275686
Bab Ezzouar,DZ,36.7261,3.1829,275630
Strasbourg,FR,48.5839,7.7455,274845
Saugor,IN,23.8388,78.7387,274556
Neihu,TW,25.0815,121.5881,274538
Tsu,JP,34.7333,136.5167,274537
Xingning,CN,24.1483,115.7227,274499
Linxia Chengguanzhen,CN,35.6003,103.2064,274466
Khmelnytskyi,UA,49.4183,26.9794,274452
Kushinagar,IN,26.7413,83.8869,274403
Saddiqabad,PK,28.3091,70.1265,274210
Loja,EC,-3.9931,-79.2042,274112
Tai Po,HK,22.4501,114.1688,274100
Isfara,TJ,40.1265,70.6253,274000
Luena,AO,-11.7833,19.9167,273675
Taboão da Serra,BR,-23.6261,-46.7917,273542
Istaravshan,TJ,39.9142,69.0033,273500
Turpan,CN,42.9477,89.1789,273385
Rourkela,IN,22.225,84.8641,273317
Yao,JP,34.6167,135.6,273213
Banī Suwayf,EG,29.0744,31.0979,273151
Imperatriz,BR,-5.5264,-47.4917,273110
Nagar Naluākot,BD,24.1561,90.7728,273000
Guantánamo,CU,20.1444,-75.2092,272801
Baguio,PH,16.4164,120.5931,272714
Ar Rayyān,QA,25.2919,51.4244,272465
Polokwane,ZA,-23.9045,29.4688,272461
Ljubljana,SI,46.0511,14.5051,272220
Jalālābād,AF,34.4265,70.4515,271900
Deir ez-Zor,SY,35.3359,40.1408,271800
Gijón,ES,43.5357,-5.6615,271780
Santa Maria,BR,-29.6842,-53.8069,271735
Parnamirim,BR,-5.9156,-35.2628,271713
Hafar Al-Batin,SA,28.4328,45.9708,271642
Kakogawachō-honmachi,JP,34.7694,134.829,271634
Sector 5,RO,44.3881,26.0714,271575
Quận Sáu,VN,10.7468,106.649,271050
Capao Redondo,BR,-23.6688,-46.7805,270767
Mỹ Tho,VN,10.36,106.36,270700
Mito,JP,36.35,140.45,270685
Derby,GB,52.9228,-1.4766,270468
Dessie,ET,11.1333,39.6333,270400
Hạ Long,VN,20.9505,107.0734,270054
Gelsenkirchen,DE,51.5051,7.0965,270028
Longling County,CN,24.5866,98.6893,270000
Cherkasy,UA,49.4445,32.0574,269836
Malolos,PH,14.8443,120.8104,269809
Southampton,GB,50.904,-1.4043,269781
Kapar,MY,3.1333,101.3833,269627
Çorum,TR,40.5489,34.9533,269595
Ghulja,CN,43.9151,81.3215,269158
Eimsbüttel,DE,53.5742,9.9568,269118
Merlo,AR,-34.6654,-58.7274,268961
Yeosu,KR,34.7606,127.6621,268823
Durg,IN,21.1915,81.2762,268806
Fuling,CN,29.71,107.3939,268658
Mokpo,KR,34.8128,126.3918,268402
Birgañj,NP,27.0174,84.8805,268273
Yoshkar-Ola,RU,56.6388,47.8908,268272
Russeifa,JO,32.0178,36.0464,268237
Banda Aceh,ID,5.5417,95.3333,267962
Shibīn al Kawm,EG,30.5526,31.009,267945
Mirpur Khas,PK,25.5276,69.0126,267833
Sengkang New Town,SG,1.3917,103.8944,267600
Floridablanca,CO,7.0622,-73.0864,267591
Tokushima,JP,34.0667,134.5667,267345
Sterlitamak,RU,53.6379,55.9533,267231
Anantapur,IN,14.6778,77.6081,267161
Gyeongsan-si,KR,35.8233,128.7378,266951
Sohag,EG,26.557,31.6948,266944
Nagaoka,JP,37.45,138.85,266936
Sapopemba,BR,-23.5956,-46.5247,266715
Saint-Marc,HT,19.1114,-72.7008,266642
Governador Valadares,BR,-18.8511,-41.9494,266561
Eixample,ES,41.389,2.1618,266477
São Carlos,BR,-22.0175,-47.8908,266427
Bagerhat,BD,22.6566,89.7912,266388
Az-Zuhūr,EG,31.265,32.264,266381
Hà Tĩnh,VN,18.3428,105.9057,266321
Saskatoon,CA,52.1324,-106.6689,266141
Chengzhong,CN,30.9445,113.5528,265886
Djelfa,DZ,34.6728,3.263,265833
Chula Vista,US,32.6401,-117.0842,265757
Shimonoseki,JP,33.9555,130.9371,265684
Toledo,US,41.6639,-83.5552,265638
Kibaha,TZ,-6.7667,38.9167,265360
Hulan Ergi,CN,47.2042,123.6333,265344
Tampines Estate,SG,1.3581,103.9403,265340
Bordeaux,FR,44.8412,-0.5805,265328
Aachen,DE,50.7766,6.0834,265208
Gent,BE,51.05,3.7167,265086
Gravataí,BR,-29.9422,-50.9928,265074
Cité Soleil,HT,18.5803,-72.3381,265072
Mantampay,PH,8.1667,124.2167,265032
Ratlām,IN,23.3303,75.0403,264914
Nogales,MX,31.3086,-110.9422,264782
El Daein,SD,11.4619,26.1258,264734
Donghai,CN,22.9459,115.642,264709
Dezful,IR,32.3811,48.4058,264709
Gunsan,KR,35.9786,126.7114,264656
Mossoró,BR,-5.1875,-37.3442,264577
Macaé,BR,-22.3848,-41.7832,264439
Rānipet,IN,12.9247,79.3333,264330
Brāhmanbāria,BD,23.9746,91.1123,264326
Porto-Novo,BJ,6.4965,2.6036,264320
Chernivtsi,UA,48.2904,25.9324,264298
Jersey City,US,40.7282,-74.0776,264290
Manta,EC,-0.9494,-80.7314,264281
Reno,US,39.5296,-119.8138,264165
Bégoua,CF,4.4544,18.5347,264067
Riobamba,EC,-1.6651,-78.6589,264048
Sivas,TR,39.7483,37.0161,264022
Dourados,BR,-22.2211,-54.8056,264017
Rondonópolis,BR,-16.4708,-54.6356,263708
Wolverhampton,GB,52.5855,-2.123,263700
Pasarkemis,ID,-6.1703,106.5303,263289
Fanling,HK,22.4949,114.1395,263200
Chiayi City,TW,23.4792,120.4489,263188
Dongtai,CN,32.8523,120.3095,262873
Fuchū,JP,35.6745,139.4822,262790
Jurong Town,SG,1.3342,103.7228,262730
Marāgheh,IR,37.3921,46.2391,262604
Marāgheh,IR,35.8292,59.6332,262604
Quilmes,AR,-34.7206,-58.2545,262379
Fukui-shi,JP,36.0644,136.2226,262328
Lal Bahadur Nagar,IN,17.3477,78.5576,261987
Mönchengladbach,DE,51.1854,6.4417,261742
Bagong Silang,PH,14.7783,121.0449,261729
Zhytomyr,UA,50.2623,28.6791,261624
Karamay,CN,45.5847,84.8872,261445
Sacomã,BR,-23.6308,-46.5982,261436
Arrah,IN,25.5563,84.6633,261430
Tongliao,CN,43.6125,122.2653,261110
Bariadi,TZ,-2.8,33.9833,260927
Antsirabe,MG,-19.8659,47.0333,260907
Chandler,US,33.3062,-111.8413,260828
Yei,SS,4.0944,30.6764,260720
Chilanzar,UZ,41.2819,69.1811,260700
Tampere,FI,61.4991,23.7871,260646
Mahajanga,MG,-15.7167,46.3167,260556
Minato City,JP,35.6581,139.7515,260486
Fort Wayne,US,41.1306,-85.1289,260326
Plymouth,GB,50.3715,-4.143,260203
Nianbo,CN,36.48,102.4164,260184
Baranagar,IN,22.6413,88.3773,260072
Skardu,PK,35.2979,75.6337,260000
Marawi City,PH,8.0034,124.284,259993
Tampines New Town,SG,1.3492,103.9497,259900
Embu das Artes,BR,-23.6489,-46.8522,259788
Qo‘qon,UZ,40.5286,70.9425,259700
Jardim Sao Luis,BR,-23.6807,-46.7394,259377
Tacloban,PH,11.2433,125.0047,259353
São José de Ribamar,BR,-2.5557,-44.0599,259164
Changle,CN,36.7058,118.8275,259161
Gajuwaka,IN,17.7,83.2167,258944
Jining,CN,41.0275,113.1058,258757
North Shore,NZ,-36.8,174.75,258697
Rishon LeTsiyyon,IL,31.971,34.7894,258535
Hiratsuka,JP,35.3278,139.3373,258422
Stoke-on-Trent,GB,53.0042,-2.1854,258366
Buffalo,US,42.8865,-78.8784,258071
Verona,IT,45.4385,10.9938,258031
Ðà Lạt,VN,11.9465,108.4419,258014
San Salvador de Jujuy,AR,-24.1928,-65.2934,257970
Durham,US,35.994,-78.8986,257636
Etāwah,IN,26.7762,79.0213,257448
Gasteiz / Vitoria,ES,42.85,-2.6727,257407
Rugao,CN,32.3704,120.5765,257400
Gómez Palacio,MX,25.5687,-103.4996,257352
St. Petersburg,US,27.7709,-82.6793,257083
L'Hospitalet de Llobregat,ES,41.3597,2.1003,257038
Gdynia,PL,54.5189,18.5319,257000
Cilacap,ID,-7.7264,109.0094,256996
Irvine,US,33.6695,-117.8231,256927
Kitchener,CA,43.4254,-80.5112,256885
Suicheng,CN,33.8963,117.9331,256665
Nada,CN,19.5213,109.579,256652
Latina,ES,40.389,-3.7457,256644
Los Mochis,MX,25.791,-108.9982,256613
Bratsk,RU,56.1325,101.6142,256600
Pachuca de Soto,MX,20.117,-98.7333,256584
Chingola,ZM,-12.529,27.8838,256560
Sumy,UA,50.9174,34.7991,256474
Milton Keynes,GB,52.0417,-0.7558,256385
Indaiatuba,BR,-23.0884,-47.2119,256223
Laredo,US,27.5064,-99.5075,256153
Juazeiro,BR,-9.4117,-40.4986,256122
Vila Flor,AO,-8.9801,13.3078,256066
Germiston,ZA,-26.2348,28.1766,255863
Ñuñoa,CL,-33.4474,-70.5828,255823
Parakou,BJ,9.3372,2.6303,255478
Isiro,CD,2.7739,27.616,255409
Sari,IR,36.5633,53.0601,255396
Tarakan,ID,3.3133,117.5915,255310
Kenema,SL,7.8769,-11.1903,255110
Oaxaca,MX,17.0602,-96.7254,255029
Mossamedes,AO,-15.1961,12.1522,255000
Al Madīnah,IQ,30.9632,47.27,255000
Hobart,AU,-42.8794,147.3294,254930
Ikot Ekpene,NG,5.1819,7.7148,254806
Yanzhou,CN,35.5528,116.8286,254788
Woodlands,SG,1.438,103.7888,254440
Hanam,KR,37.54,127.2056,254415
Mueang Nonthaburi,TH,13.8607,100.5148,254375
Muridke,PK,31.8026,74.2577,254291
Saint-Louis,SN,16.0179,-16.4896,254171
Batu Caves,MY,3.238,101.682,254083
Novo Hamburgo,BR,-29.6783,-51.1306,253841
Jurong West,SG,1.3503,103.7228,253840
Singkawang,ID,0.9093,108.9846,253812
Cox’s Bāzār,BD,21.4397,92.0096,253788
Carabanchel,ES,40.3909,-3.7242,253678
Cotia,BR,-23.6039,-46.9192,253608
Petaẖ Tiqva,IL,32.0871,34.8875,253529
Marg‘ilon,UZ,40.4724,71.7246,253500
Ambarnath,IN,19.2,73.1667,253475
Godomè,BJ,6.3895,2.3458,253262
Naihāti,IN,22.894,88.4152,253221
Braşov,RO,45.6486,25.6061,253200
Xuân Lộc,VN,10.9333,107.2333,253140
Laohekou,CN,32.3858,111.6678,253112
Richards Bay,ZA,-28.783,32.0377,252968
Qina,EG,26.1642,32.7267,252883
Bharatpur,IN,27.2173,77.4901,252838
Vantaa,FI,60.2941,25.041,252724
Porto,PT,41.1485,-8.611,252687
Kiel,DE,54.3213,10.1349,252668
El Fasher,SD,13.6279,25.3494,252609
Thiès Nones,SN,14.7833,-16.9667,252320
Suihua,CN,46.6481,126.9666,252245
Los Teques,VE,10.3495,-67.0427,252242
Santiago del Estero,AR,-27.8005,-64.2629,252192
Sétif,DZ,36.1911,5.4137,252127
Begusarai,IN,25.4185,86.1339,252008
Borūjerd,IR,33.8973,48.7516,251958
Qarchak,IR,35.4287,51.5776,251834
Afyonkarahisar,TR,38.7567,30.5433,251799
İskenderun,TR,36.5872,36.1735,251682
Santiago de Surco,PE,-12.1359,-77.0074,251648
Maracanaú,BR,-3.8767,-38.6256,251613
Ota,NG,6.6887,3.232,251546
Thika,KE,-1.0333,37.0693,251407
San Fernando,PH,15.0343,120.6844,251248
Menongue,AO,-14.6585,17.691,251178
Ḩayy Khildā,JO,31.992,35.84,251000
Jacareí,BR,-23.3053,-45.9658,250952
Jimma,ET,7.6734,36.8344,250900
Timişoara,RO,45.7537,21.2257,250849
Santa Clara,CU,22.4071,-79.9658,250512
Iwo,NG,7.6353,4.1816,250443
A Coruña,ES,43.3713,-8.396,250438
Libertad,PH,8.9442,125.5019,250353
Altona,DE,53.55,9.9333,250192
La Paz,MX,24.1423,-110.3132,250141
Kelar,IQ,34.6281,45.3185,250000
Colonia del Valle,MX,19.3861,-99.162,250000
Niš,RS,43.3247,21.9033,250000
Singa,SD,13.1483,33.9312,250000
San Bernardo,CL,-33.5922,-70.6996,249858
Sōka,JP,35.8364,139.7996,249645
Mzuzu,MW,-11.4656,34.0207,249564
Navotas,PH,14.6667,120.95,249463
Tiruvottiyūr,IN,13.1582,80.3018,249446
Cidade Ademar,BR,-23.6738,-46.6568,249218
Burnaby,CA,49.2664,-122.9526,249125
Lubbock,US,33.5779,-101.8552,249042
Thị Trấn Đông Triều,VN,21.0824,106.5138,248896
Thuqbah,SA,26.2602,50.2049,248888
Yamagata,JP,38.2333,140.3667,248772
Tehuacán,MX,18.4642,-97.3974,248716
Guarenas,VE,10.4703,-66.6193,248588
Montpellier,FR,43.6109,3.8763,248252
Jimeta,NG,9.2795,12.4582,248148
Częstochowa,PL,50.7965,19.1241,248125
Gāndhīdhām,IN,23.0833,70.1333,247992
Beibei,CN,29.8274,106.4364,247702
Insein,MM,16.8887,96.1026,247675
City of Westminster,GB,51.4975,-0.1357,247614
Gilbert,US,33.3528,-111.789,247542
Chemnitz,DE,50.8357,12.9292,247220
Paraná,AR,-31.7327,-60.529,247139
San Miguel,SV,13.4826,-88.1821,247126
Shijie,CN,23.0955,113.7919,246960
Chitato,AO,-7.3,20.7333,246880
Orsk,RU,51.2321,58.488,246836
Vanderbijlpark,ZA,-26.7117,27.8379,246754
Coro,VE,11.4077,-69.6782,246657
Americana,BR,-22.7392,-47.3314,246655
Hami,CN,42.8339,93.506,246373
Gaborone,BW,-24.6545,25.9086,246325
Al ‘Āshir min Ramaḑān,EG,30.2964,31.7463,246148
Mau,IN,25.9417,83.5611,246050
Puerto Montt,CL,-41.4693,-72.9424,245902
Northampton,GB,52.25,-0.8833,245899
Juliaca,PE,-15.5,-70.1333,245675
Fuji,JP,35.1667,138.6833,245392
Gyeongju,KR,35.8428,129.2117,245365
Águas Lindas de Goiás,BR,-15.7619,-48.2817,245352
Sinfra,CI,6.621,-5.9114,245226
Syktyvkar,RU,61.6639,50.8163,245083
Gorgān,IR,36.8427,54.4439,244937
Nizhnevartovsk,RU,60.9344,76.5531,244937
Shahkot,PK,31.5709,73.4853,244868
Groningen,NL,53.2192,6.5667,244807
Biratnagar,NP,26.455,87.2701,244750
Braunschweig,DE,52.2659,10.5267,244715
Valera,VE,9.3178,-70.6036,244708
Sīkar,IN,27.6121,75.14,244497
Bago,MM,17.3352,96.4814,244376
Magdeburg,DE,52.1313,11.6319,244329
Baruta,VE,10.4342,-66.8756,244216
Puente de Vallecas,ES,40.3935,-3.662,244151
Magé,BR,-22.6528,-43.0406,244142
Trabzon,TR,41.005,39.7269,244083
Tri-Cities,US,46.2454,-119.1962,244036
Jessore,BD,23.1697,89.2137,243987
Manisa,TR,38.612,27.4265,243971
Arapiraca,BR,-9.7525,-36.6611,243906
Rivne,UA,50.6204,26.237,243873
Padangsidempuan,ID,1.3795,99.2715,243843
Probolinggo,ID,-7.7543,113.2159,243746
Sabzevar,IR,36.2126,57.6819,243700
Musaffah,AE,24.3589,54.4827,243341
Brasilandia,BR,-23.4486,-46.6884,243273
Sasebo,JP,33.1683,129.725,243223
Angarsk,RU,52.5597,103.9141,243158
Mar’ino,RU,55.65,37.7167,243000
Ramagundam,IN,18.755,79.474,242979
Hāpur,IN,28.7298,77.7807,242920
Chigasaki,JP,35.3364,139.4043,242798
Toli-Toli,ID,1.0402,120.8176,242783
Chōfu,JP,35.6592,139.5484,242614
Huayin,CN,34.5653,110.0664,242488
Berbera,SO,10.4396,45.0143,242344
Jiyuan,CN,35.0891,112.5881,242143
Yamato,JP,35.4728,139.451,242065
Man,CI,7.4125,-7.5538,241969
Bahawalnagar,PK,29.9983,73.2527,241873
Bahawalnagar,PK,30.5508,73.3908,241873
Novorossiysk,RU,44.7319,37.7618,241856
Tsukuba,JP,36.0833,140.1167,241656
Arica,CL,-18.4755,-70.3006,241653
Peñalolén,CL,-33.4684,-70.5341,241599
Rio Verde,BR,-17.7981,-50.9281,241494
Hải Dương,VN,20.941,106.333,241373
Winston-Salem,US,36.0999,-80.2442,241218
Farrukhābād,IN,27.3913,79.5793,241152
Matsumoto,JP,36.2333,137.9667,241145
Alappuzha,IN,9.49,76.3264,240991
Itapevi,BR,-23.5489,-46.9342,240961
Katihar,IN,25.5385,87.5704,240838
Buenaventura,CO,3.8801,-77.0312,240387
Ciudad Ojeda,VE,10.2016,-71.3148,240283
Gucun,CN,31.3493,121.3934,240185
Glendale,US,33.5386,-112.186,240126
Navegantes,AO,-12.59,13.3912,240075
Bunkyo,JP,35.5331,139.4217,240069
Itaboraí,BR,-22.7444,-42.8594,240040
Klang,MY,3.0367,101.4433,240016
Almendares,CU,23.1101,-82.4232,240000
Golestān,IR,35.5183,51.1819,240000
Vyhurivshchyna-Troyeshchyna,UA,50.5114,30.6025,240000
Khimki,RU,55.9001,37.4285,239967
Horlivka,UA,48.2999,38.0171,239828
Nacala,MZ,-14.5626,40.6854,239808
Obolon,UA,50.5132,30.5055,239500
Xiantao,CN,30.3708,113.4429,239406
Nalchik,RU,43.4981,43.6189,239300
Hachinohe,JP,40.5,141.5,239046
Sete Lagoas,BR,-19.4658,-44.2467,238909
Osan,KR,37.1522,127.0706,238788
Fuencarral,ES,40.5,-3.6833,238765
Lille,FR,50.6339,3.0551,238695
Neyagawa,JP,34.7662,135.6276,238549
Ormoc,PH,11.0064,124.6075,238545
Cabo Frio,BR,-22.8872,-42.0262,238438
Magdalena Contreras,MX,19.3321,-99.2112,238431
Nāgarpur,BD,24.0578,89.877,238422
Kasulu,TZ,-4.5767,30.1025,238321
Ngaoundéré,CM,7.3277,13.5847,238196
Ivano-Frankivsk,UA,48.9231,24.7125,238196
Balıkesir,TR,39.6492,27.8861,238151
Temuco,CL,-38.7363,-72.5974,238129
Norfolk,US,36.8468,-76.2852,238005
Krefeld,DE,51.3364,6.5538,237984
Halle (Saale),DE,51.4816,11.9795,237865
Sri Ganganagar,IN,29.9201,73.875,237780
Marília,BR,-22.2139,-49.9458,237627
Amarapura,MM,21.9071,96.0489,237618
Kilamba,AO,-8.8486,13.275,237528
Āmol,IR,36.4696,52.3507,237528
Freiburg,DE,47.9959,7.8522,237460
Athlone,ZA,-33.9672,18.5021,237414
Batangas,PH,13.7567,121.0584,237370
Al Jubayl,SA,27.0174,49.6225,237274
Tŏkch’ŏn,KP,39.7526,126.258,237133
Oldham,GB,53.5405,-2.1183,237110
Pathein,MM,16.7792,94.7321,237089
Hialeah,US,25.8576,-80.2781,237069
Kunri,PK,25.1787,69.5657,237063
Sylhet,BD,24.899,91.872,237000
Paarl,ZA,-33.7338,18.9752,236910
Garland,US,32.9126,-96.6389,236897
Podgorica,ME,42.4412,19.2631,236852
Scottsdale,US,33.5092,-111.899,236839
Hortolândia,BR,-22.8583,-47.22,236641
Irving,US,32.814,-96.9489,236607
Centurion,ZA,-25.8589,28.1858,236580
Qingzhou,CN,36.6967,118.4797,236406
Pākdasht,IR,35.4785,51.6834,236319
Kajang,MY,2.9942,101.7887,236240
Campo Limpo,BR,-23.6363,-46.7657,236162
Yuci,CN,37.6803,112.7319,235929
Sant Martí,ES,41.4181,2.1993,235719
Eindhoven,NL,51.4408,5.4778,235691
Boise,US,43.6135,-116.2035,235684
Rewa,IN,24.5326,81.2923,235654
Yakutsk,RU,62.0311,129.7229,235600
Bole,CN,44.8933,82.0699,235585
Muzaffargarh,PK,30.0726,71.1938,235541
Chesapeake,US,36.819,-76.2749,235429
Uluberiya,IN,22.4756,88.099,235345
Ipatinga,BR,-19.4683,-42.5367,235311
Dali,CN,25.5847,100.2123,235305
Najafābād,IR,32.6346,51.3653,235281
Thành Phố Bà Rịa,VN,10.4963,107.1685,235192
Georgetown,GY,6.8045,-58.1553,235017
Kismayo,SO,-0.3582,42.5454,234852
North Las Vegas,US,36.1989,-115.1175,234807
Elche,ES,38.2622,-0.7011,234765
Presidente Prudente,BR,-22.1256,-51.3889,234706
Sivakasi,IN,9.45,77.798,234704
Kindu,CD,-2.9437,25.9224,234651
Digri,PK,25.1566,69.111,234578
Nizhnekamsk,RU,55.6379,51.815,234297
Karur,IN,10.9577,78.081,234191
Lubuklinggau,ID,-3.2945,102.8614,234166
Craiova,RO,44.3167,23.8,234140
Rāichūr,IN,16.2055,77.3557,234073
Pallāvaram,IN,12.968,80.1502,233984
Danlí,HN,14.0333,-86.5833,233789
Yongkang,TW,23.0244,120.2556,233730
Bo,SL,7.9647,-11.7383,233684
Granada,ES,37.1882,-3.6067,233532
Ooty,IN,11.4134,76.6952,233426
Saga,JP,33.2333,130.3,233301
Magugpo Poblacion,PH,7.4475,125.8046,233254
Dzerzhinsk,RU,56.2442,43.4554,233126
Pemba,MZ,-12.974,40.5177,232932
Geoje,KR,34.8138,128.7056,232921
Teluk Intan,MY,4.0222,101.0208,232800
Singida,TZ,-4.8163,34.7436,232459
Kigoma,TZ,-4.8769,29.6267,232388
Colombo,BR,-25.2917,-49.2242,232212
Fremont,US,37.5483,-121.9886,232206
Kampong Baharu Cheras Batu Sebelas,MY,3.05,101.7667,232100
Viamão,BR,-30.0811,-51.0233,231996
Jiayuguan,CN,39.8112,98.2862,231853
Abadan,IR,30.3392,48.3043,231476
Taytay,PH,14.5588,121.1329,231460
Phổ Yên,VN,21.4198,105.8899,231363
Neuquén,AR,-38.9508,-68.0592,231198
Divinópolis,BR,-20.1436,-44.8907,231091
Türkmenabat,TM,39.0733,63.5786,230861
Shibuya,JP,35.6589,139.7066,230609
Sơn Tây,VN,21.1405,105.5069,230577
Ninh Hòa,VN,12.4919,109.1249,230566
Pasir Mas,MY,6.0493,102.1399,230424
Purwokerto,ID,-7.4214,109.2344,230235
José C. Paz,AR,-34.5154,-58.7681,230208
Marka,SO,1.7159,44.7717,230100
Pāli,IN,25.7728,73.3234,230075
Ḩalwān,EG,29.8414,31.3008,230000
Atani,NG,6.0128,6.7477,230000
Mariupol,UA,47.0951,37.5413,230000
Changzheng,CN,31.2391,121.3678,229925
Kasukabe,JP,35.9831,139.7497,229792
Paris 15 Vaugirard,FR,48.8412,2.3003,229713
Windsor,CA,42.3001,-83.0165,229660
Hosūr,IN,12.7365,77.8326,229528
Spokane,US,47.6597,-117.4291,229447
Tripoli,LB,34.4335,35.8441,229398
Longueuil,CA,45.5152,-73.4682,229330
Ordu,TR,40.9778,37.8905,229214
San Fernando de Apure,VE,7.8896,-67.4718,229197
Croix-des-Bouquets,HT,18.5768,-72.2262,229127
Lucena,PH,13.9314,121.6172,228758
Yishun New Town,SG,1.4333,103.8311,228730
Vizianagaram,IN,18.1169,83.4115,228720
Jinchang,CN,38.5006,102.1938,228561
Phan Thiết,VN,10.9289,108.1021,228536
Şabyā,SA,17.1495,42.6254,228375
Netanya,IL,32.3329,34.8599,228204
Ciudad Lineal,ES,40.4451,-3.6513,228171
Meycauayan,PH,14.7369,120.9608,228023
Bexley,GB,51.4416,0.1487,228000
Aliayabiagba,NG,6.45,3.3333,228000
Nassau,BS,25.0582,-77.3431,227940
San Lorenzo,PY,-25.3397,-57.5088,227876
Rennes,FR,48.1111,-1.6743,227830
Mohammedia,MA,33.6861,-7.383,227799
Guatire,VE,10.474,-66.5424,227666
Tanjung Pinang,ID,0.9167,104.4583,227663
Hougang New Town,SG,1.3567,103.8908,227560
Baton Rouge,US,30.4433,-91.1875,227470
Criciúma,BR,-28.6775,-49.3697,227438
Sosnowiec,PL,50.2868,19.1039,227295
Diez de Octubre,CU,23.0881,-82.3597,227293
Turkistan,KZ,43.2946,68.2569,227098
Klerksdorp,ZA,-26.8521,26.6667,227039
Upper West Side,US,40.7871,-73.9754,226989
Staryy Oskol,RU,51.3025,37.8461,226977
Ageo,JP,35.9714,139.6138,226940
Gusau,NG,12.1702,6.6641,226857
Neue Neustadt,DE,52.15,11.6333,226851
Kamyanske,UA,48.5172,34.6062,226845
Ashdod,IL,31.7921,34.6497,226838
Radom,PL,51.4025,21.1471,226794
Paya Terubong,MY,5.3728,100.2797,226712
Richmond,US,37.5538,-77.4603,226610
Chang-hua,TW,24.0733,120.5628,226564
Changhua,TW,24.0692,120.5512,226564
Điện Bàn,VN,15.8885,108.2545,226564
Takarazuka,JP,34.7994,135.357,226432
Nzérékoré,GN,7.7562,-8.8179,226426
Regina,CA,50.4501,-104.6178,226404
Cà Mau,VN,9.1768,105.1524,226372
Shrīrāmpur,IN,22.7528,88.3422,226317
Fendou,CN,46.6414,124.8628,226298
Pangkalpinang,ID,-2.1291,106.1138,226297
Huanggang,CN,23.677,116.9996,225956
Quthbullapur,IN,17.5011,78.4582,225816
Mubi,NG,10.2686,13.267,225705
Varāmīn,IR,35.3242,51.6457,225628
Sector 1,RO,44.4924,26.0483,225453
Batu,ID,-7.87,112.5283,225408
Somerset West,ZA,-34.084,18.8211,225289
Luton,GB,51.8797,-0.4175,225262
Ternopil,UA,49.554,25.5907,225238
Bitung,ID,1.4406,125.1282,225134
Mymensingh,BD,24.7564,90.4065,225126
Blagoveshchensk,RU,50.2759,127.5264,225091
Nadiād,IN,22.6939,72.8616,225071
Kumba,CM,4.6363,9.4469,225046
Košice,SK,48.7144,21.258,225044
Kremenchuk,UA,49.0625,33.4048,224997
Jingling,CN,30.65,113.1,224871
Nāgercoil,IN,8.179,77.4323,224849
Sucre,BO,-19.0333,-65.2627,224838
Mutare,ZW,-18.9707,32.6709,224802
Ōta,JP,36.3,139.3667,224358
Karāwalnagar,IN,28.7271,77.2705,224281
Puerto Vallarta,MX,20.617,-105.2302,224166
Minamirinkan,JP,35.4953,139.4428,224015
Cork,IE,51.898,-8.4706,224004
Atsugi,JP,35.4427,139.3693,223960
Heihe,CN,50.2441,127.4902,223832
Mango,IN,22.8275,86.2164,223805
Sinop,BR,-11.8642,-55.5025,223780
Paramaribo,SR,5.8664,-55.1668,223757
Klungkung,ID,-8.5333,115.4,223720
Narayanganj,BD,23.6135,90.503,223622
NIA Valencia,PH,7.9064,125.0942,223620
Tongchuanshi,CN,35.0747,109.085,223603
Concepción,CL,-36.827,-73.0498,223574
Ramadi,IQ,33.4206,43.3078,223500
Paradise,US,36.0972,-115.1467,223167
Tacoma,US,47.2529,-122.4443,222906
Mainz,DE,49.9819,8.2801,222889
Velikiy Novgorod,RU,58.5213,31.271,222868
Sungai Buloh,MY,3.21,101.561,222858
Puerto Princesa,PH,9.7392,118.7353,222673
Palhoça,BR,-27.6453,-48.6678,222598
Xintai,CN,35.9006,117.7519,222459
El Tigre,VE,8.889,-64.2527,222450
Haeju,KP,38.0406,125.7147,222396
Formosa,AR,-26.1849,-58.1731,222226
Ikire,NG,7.3698,4.1863,222160
La Ceiba,HN,15.7597,-86.7822,222055
Tilburg,NL,51.5555,5.0913,221947
Ba Dinh,VN,21.0365,105.8268,221893
Murwāra,IN,23.8378,80.394,221883
Moshi,TZ,-3.35,37.3333,221733
Kanchipuram,IN,12.8352,79.7001,221715
Sousse,TN,35.8254,10.637,221715
Tuluá,CO,4.0847,-76.1954,221684
Soyo,AO,-6.1349,12.3689,221555
Sóc Trăng,VN,9.5999,105.9719,221430
Kankan,GN,10.3854,-9.3057,221428
Shakhty,RU,47.7192,40.216,221312
Mbarara,UG,-0.6047,30.6485,221300
Luziânia,BR,-16.2525,-47.9503,221262
Olongapo,PH,14.8292,120.2828,221178
Ibarra,EC,0.3488,-78.1246,221149
Banja Luka,BA,44.7788,17.2063,221106
Rufisque est,SN,14.7162,-17.2728,221066
Neyshābūr,IR,36.2133,58.7957,220929
Sāveh,IR,35.0213,50.3566,220762
Wuxue,CN,29.8506,115.5525,220661
Shevchenkivskyi,UA,50.0202,36.2247,220660
Chí Linh,VN,21.0667,106.3167,220421
Campeche,MX,19.8407,-90.5168,220389
Quận Ba,VN,10.7749,106.6863,220375
Singrauli,IN,24.1997,82.6753,220257
Fuencarral-El Pardo,ES,40.4984,-3.7314,220085
Shevchenkivskyi,UA,50.4641,30.4658,220077
Mirzāpur,IN,25.1449,82.5653,220029
Oviedo,ES,43.3603,-5.8448,220027
Bandar Seri Alam,MY,1.5043,103.8752,220000
Sorong,ID,-0.8796,131.261,219958
Messina,IT,38.1939,15.5526,219948
Dehiwala-Mount Lavinia,LK,6.8402,79.8712,219827
Kropyvnytskyi,UA,48.5083,32.2662,219676
Kharagpur,IN,22.3397,87.325,219665
Kabinda,CD,-6.1379,24.4818,219396
Jacobabad,PK,28.2819,68.4376,219315
Tunduma,TZ,-9.3,32.7667,219309
Binangonan,PH,14.4646,121.1929,219204
Oberhausen,DE,51.4781,6.8625,219176
Chon Buri,TH,13.3622,100.9835,219164
Santa Luzia,BR,-19.7697,-43.8514,219132
Prokop’yevsk,RU,53.9152,86.7189,219000
Samambaia,BR,-15.8823,-48.1043,218840
Erfurt,DE,50.9773,11.0354,218793
Esmeraldas,EC,0.9592,-79.654,218727
Terrassa,ES,41.5667,2.0167,218535
Barking,GB,51.5333,0.0833,218534
Wuhai,CN,39.6844,106.8158,218427
Valparaíso de Goiás,BR,-16.0658,-47.9786,218416
Khuzdar,PK,27.8119,66.611,218112
Koutiala,ML,12.3872,-5.4651,218031
Eluru,IN,16.7131,81.1044,218020
Rāniganj,IN,17.4284,78.4936,217910
San Pedro de Macorís,DO,18.4539,-69.3086,217899
Galaţi,RO,45.4369,28.0503,217851
Badalona,ES,41.45,2.2474,217741
Mokotów,PL,52.1934,21.0349,217683
Taiping,MY,4.85,100.7333,217647
Yintai,CN,35.1152,109.097,217509
Yamuna Nagar,IN,30.128,77.2837,217071
Cabo de Santo Agostinho,BR,-8.2877,-35.0292,216969
Arakawa,JP,35.7383,139.7805,216900
Jamaica,US,40.6915,-73.8057,216866
Buenavista,MX,19.6083,-99.1694,216776
Gilgit,PK,35.9187,74.3124,216760
Rybinsk,RU,58.0456,38.8381,216724
Santa Rosa,PH,14.3122,121.1114,216650
Sobral,BR,-3.6861,-40.3497,216519
Trondheim,NO,63.4305,10.3951,216518
Raurkela Industrial Township,IN,22.1999,84.8618,216410
Porlamar,VE,10.9577,-63.8697,216234
San Bernardino,US,34.1083,-117.2898,216108
Ciudad Acuña,MX,29.3232,-100.9522,216099
Oulu,FI,65.0124,25.4682,216066
Bidar,IN,17.908,77.5152,216020
Vykhino-Zhulebino,RU,55.702,37.8118,216000
Lutsk,UA,50.7578,25.3502,215986
La Ceiba,HN,15.7667,-86.8333,215973
San Cristóbal de las Casas,MX,16.7301,-92.6382,215874
Zelenograd,RU,55.9825,37.1814,215727
Archway,GB,51.5673,-0.1341,215667
Wangsa Maju,MY,3.2006,101.7397,215600
Salt Lake City,US,40.7608,-111.8911,215548
Biysk,RU,52.5342,85.1966,215430
Novi Sad,RS,45.2517,19.8369,215400
Jinzhou,CN,39.1,121.7167,215386
Jiutepec,MX,18.8814,-99.1778,215357
Longgang,CN,22.7229,114.2633,215273
Monclova,MX,26.9069,-101.4206,215271
Tân An,VN,10.5359,106.4137,215250
Ma On Shan,HK,22.4061,114.2408,215200
Commonwealth,PH,14.6969,121.0801,215034
Huntsville,US,34.7304,-86.5859,215006
Jabaquara,BR,-23.6505,-46.6459,214958
Ziguinchor,SN,12.568,-16.2733,214874
Passo Fundo,BR,-28.2628,-52.4067,214811
Kŭlob,TJ,37.9146,69.7845,214700
Citeureup,ID,-6.4856,106.8819,214668
Centralniy,RU,59.9311,30.3607,214625
Sa Dec,VN,10.2909,105.7563,214610
Kure,JP,34.2322,132.5666,214592
Shagamu,NG,6.8485,3.6463,214558
Bnei Brak,IL,32.0807,34.8338,214444
Khouribga,MA,32.8811,-6.9063,214241
Yingtan,CN,28.2333,117.0,214229
Des Moines,US,41.6005,-93.6091,214133
Çiğli,TR,38.4965,27.0703,214065
Marcory,CI,5.312,-3.9936,214061
Gojra,PK,31.1493,72.6832,214000
Cartagena,ES,37.602,-0.984,213943
Quevedo,EC,-1.0288,-79.4626,213842
Oakville,CA,43.4501,-79.6829,213759
Pasuruan,ID,-7.6453,112.9075,213469
Naz̧arābād,IR,35.9541,50.6061,213388
Munger,IN,25.3746,86.4745,213303
Jerez de la Frontera,ES,36.6865,-6.1361,212879
El Jadida,MA,33.2568,-8.5088,212863
Zitong,CN,30.1782,105.8299,212819
Loa Janan,ID,-0.5829,117.095,212816
Târgu Mureş,RO,46.5425,24.5575,212752
Fontana,US,34.0922,-117.4351,212704
Rancagua,CL,-34.1691,-70.7405,212695
Zhubei,TW,24.8383,121.0078,212695
Mallawī,EG,27.7326,30.8413,212628
Cape Coast,GH,5.1053,-1.2466,212426
Bukit Mertajam,MY,5.363,100.4667,212329
Lipa City,PH,13.9411,121.1631,212287
Lanús,AR,-34.7076,-58.3913,212252
Lübeck,DE,53.8689,10.6873,212207
Luojiang,CN,31.305,104.5048,212186
Sepang,MY,2.6931,101.7498,212050
Cobán,GT,15.4703,-90.3745,212047
Maricá,BR,-22.9194,-42.8186,211986
Cao Lãnh,VN,10.4602,105.6329,211912
Isesaki,JP,36.3167,139.2,211850
Sabadell,ES,41.5433,2.1094,211734
Jaraguá,BR,-23.4408,-46.7377,211610
Taito,JP,35.7075,139.7788,211444
Nandyāl,IN,15.478,78.4836,211424
Santa Cruz de Tenerife,ES,28.4682,-16.2546,211359
Panchkula,IN,30.6946,76.8504,211355
Modesto,US,37.6391,-120.9969,211266
Panabo,PH,7.3081,125.6842,211242
Lijiang,CN,26.8688,100.2207,211151
Konibodom,TJ,40.2941,70.4312,211100
Hailar,CN,49.2,119.7,211066
Itaquera,BR,-23.5319,-46.4442,210960
Kabankalan,PH,9.9839,122.8142,210893
Burhānpur,IN,21.3087,76.2303,210886
Abha,SA,18.2164,42.5053,210886
Ternate,ID,0.7906,127.3842,210836
Burgas,BG,42.5065,27.4689,210646
Pskov,RU,57.8192,28.3318,210501
Morvi,IN,22.8173,70.8377,210451
Daliang,CN,22.8407,113.2503,210411
Quilicura,CL,-33.368,-70.7139,210410
Beni Mellal,MA,32.3372,-6.3498,210397
Ashuganj City,BD,24.0402,91.0117,210356
Sidi Bel Abbes,DZ,35.1899,-0.6309,210146
Arroyo Naranjo,CU,23.0381,-82.377,210053
Jebel Ali,AE,25.0025,55.1081,210000
Bogra,BD,24.851,89.3711,210000
Kostanay,KZ,53.2144,63.6246,210000
Richmond,CA,49.17,-123.1368,209937
Rochester,US,43.1548,-77.6156,209802
Banjar,ID,-7.1955,107.4313,209791
Novi Beograd,RS,44.8056,20.4242,209763
Kanggye,KP,40.9695,126.5852,209530
Chungju,KR,36.9767,127.9287,209483
Anand,IN,22.5525,72.9552,209410
São Leopoldo,BR,-29.7603,-51.1472,209229
Bade,TW,24.9298,121.2837,209148
Oruro,BO,-17.9715,-67.0932,208684
Bachuan,CN,29.8486,106.0505,208520
La Romana,DO,18.4233,-68.9664,208437
Araçatuba,BR,-21.2089,-50.4328,208415
Shashamane,ET,7.2,38.6,208400
Hangu,CN,39.2489,117.7892,208369
Ongole,IN,15.5036,80.0445,208344
Pamplona,ES,42.8169,-1.6432,208243
Maryvale,US,33.502,-112.1776,208189
Gangneung,KR,37.7527,128.8724,208161
Portsmouth,GB,50.799,-1.0913,208100
Gandajika,CD,-6.745,23.9533,208051
Gunan,CN,29.0231,106.648,208010
Phan Rang-Tháp Chàm,VN,11.5643,108.9886,207998
Ciputat,ID,-6.2375,106.6956,207858
Kasangati,UG,0.438,32.6025,207800
Arlington,US,38.881,-77.1043,207627
Bishoftu,ET,8.7523,38.9785,207400
Nishi-Tokyo-shi,JP,35.7253,139.5383,207388
Changam-ch’on,KP,40.6061,128.7819,207299
Bila Tserkva,UA,49.7994,30.1165,207273
Oxnard,US,34.1975,-119.177,207254
Ciampea,ID,-6.5547,106.7008,207212
Hurghada,EG,27.2574,33.8129,207132
Móstoles,ES,40.3223,-3.865,207095
Columbus,US,32.461,-84.9877,206922
Mantilla,CU,23.0679,-82.3414,206918
Dosquebradas,CO,4.8392,-75.6673,206693
Toledo,PH,10.3773,123.6386,206692
Turku,FI,60.4515,22.2687,206655
Worcester,US,42.2626,-71.8023,206518
Pagadian,PH,7.8257,123.437,206483
Epworth,ZW,-17.89,31.1475,206365
San Felipe,VE,10.3401,-68.743,206270
Dinajpur,BD,25.6274,88.6378,206234
Hosapete,IN,15.2695,76.3871,206167
Việt Yên,VN,21.2667,106.1333,205900
Ifakara,TZ,-8.1333,36.6833,205843
Sumbe,AO,-11.206,13.8437,205832
Ségou,ML,13.4403,-6.2595,205787
Kon Tum,VN,14.3545,108.0076,205762
Latacunga,EC,-0.9342,-78.6152,205624
Nāngloi Jāt,IN,28.6796,77.068,205596
Kishiwada,JP,34.4667,135.3667,205561
Jinghong,CN,22.0026,100.7697,205523
Mdantsane,ZA,-32.9332,27.7766,205504
Bobruysk,BY,53.1468,29.2055,205502
Gorontalo,ID,0.5375,123.0625,205390
Itaim Paulista,BR,-23.5031,-46.3857,205295
Qā’em Shahr,IR,36.4667,52.8676,204953
Shikarpur,PK,27.9556,68.6382,204938
Gongheyong,CN,22.7592,113.7945,204881
Linz,AT,48.3064,14.2861,204846
Dhangaḍhi̇̄,NP,28.7016,80.5899,204788
Nanchuan,CN,29.152,107.1034,204775
Córdoba,MX,18.8842,-96.9256,204721
Bishan,CN,29.5949,106.2248,204702
Biskra,DZ,34.8504,5.728,204661
Xizhi,TW,25.0662,121.6599,204619
Yanghang,CN,31.3702,121.4374,204564
Gaoping,CN,30.7758,106.1029,204368
Trieste,IT,45.6495,13.7768,204338
Mpanda,TZ,-6.3438,31.0695,204338
Moreno Valley,US,33.9375,-117.2306,204198
Secunderabad,IN,17.5043,78.5426,204182
Punggol,SG,1.4144,103.9069,204150
Sodo,ET,6.86,37.7616,204100
Nossa Senhora do Socorro,BR,-10.855,-37.1261,204081
Zliten,LY,32.4674,14.5687,203790
Padua,IT,45.408,11.8859,203725
Karnaphuli,BD,22.6906,92.2347,203697
Las Tunas,CU,20.9613,-76.9519,203684
Matsue,JP,35.4833,133.05,203616
Bayamón,PR,18.3986,-66.1557,203499
Gimpo-si,KR,37.6236,126.7142,203391
Lauro de Freitas,BR,-12.8944,-38.3272,203331
Deoghar,IN,24.4898,86.699,203123
Fianarantsoa,MG,-21.4527,47.0857,203105
Vasyl'evsky Ostrov,RU,59.9409,30.2538,203058
Chāndpur,BD,23.2271,90.6543,203000
Atsiaman,GH,5.6978,-0.3282,202932
Bandundu Province,CD,-3.3169,17.3806,202904
Osmaniye,TR,37.0742,36.2478,202837
Bābol,IR,36.551,52.6786,202796
Cabo San Lucas,MX,22.8909,-109.9124,202694
Little Rock,US,34.7465,-92.2896,202591
Çorlu,TR,41.1607,27.8009,202578
Madiun,ID,-7.6298,111.5239,202544
Iringa,TZ,-7.7667,35.7,202490
Debrecen,HU,47.5317,21.6244,202402
Chāpra,IN,25.7803,84.7471,202352
Motijheel,BD,23.7277,90.4192,202308
Barishal,BD,22.705,90.3701,202242
Richmond Hill,CA,43.8711,-79.4373,202022
Fayetteville,US,35.0527,-78.8784,201963
Al Khums,LY,32.6486,14.2619,201943
Huntington Beach,US,33.6603,-117.9992,201899
Favoriten,AT,48.1612,16.3823,201882
Koronadal,PH,6.5031,124.8469,201844
Geneva,CH,46.2022,6.1457,201741
Tallahassee,US,30.4383,-84.2807,201731
Swindon,GB,51.558,-1.7812,201669
Rengasdengklok,ID,-6.1592,107.2981,201463
Rio Claro,BR,-22.4114,-47.5614,201418
Cajamarca,PE,-7.1638,-78.5003,201329
Townsville,AU,-19.2664,146.8057,201313
Thanh Khê,VN,16.0706,108.191,201240
La Pintana,CL,-33.5833,-70.6342,201178
Daşoguz,TM,41.8362,59.9666,201142
Yonkers,US,40.9304,-73.8979,201116
Glendale,US,34.1425,-118.2551,201020
Dadu,PK,26.7303,67.7769,201017
Arba Minch,ET,6.0333,37.55,201000
Petropavl,KZ,54.8734,69.1506,200920
Lhokseumawe,ID,5.1801,97.1507,200876
Cypress,US,29.9691,-95.6972,200839
Khandwa,IN,21.8243,76.3509,200738
Aurora,US,41.7606,-88.3201,200661
Puri,IN,19.7982,85.8249,200564
Morena,IN,26.4989,77.9953,200482
Nicosia,CY,35.1728,33.354,200452
Brescia,IT,45.5356,10.2147,200423
Nasīm Shahr,IR,35.565,51.1633,200393
Nasimshahr,IR,35.5653,51.1583,200393
Ugep,NG,5.8087,8.081,200276
Kamina,CD,-8.7351,24.998,200184
Yanbu,SA,24.0895,38.0618,200161
Nagareyama,JP,35.8563,139.9027,200136
Charleroi,BE,50.4114,4.4445,200132
Lạng Sơn,VN,21.8526,106.761,200108
Talhar,PK,24.8845,68.8144,200014
São José,BR,-28.2134,-49.1638,200000
Nyingchi,CN,29.6488,94.3551,200000
Yuen Long San Hui,HK,22.4333,114.0333,200000
Yuen Long,HK,22.4452,114.0262,200000
Sumedang,ID,-6.8586,107.9164,200000
Gyānpur,IN,25.3327,82.4664,200000
Az Zāwīyah,LY,32.7571,12.7276,200000
Salé Al Jadida,MA,33.9972,-6.7405,200000
Bandar Sunway,MY,3.0693,101.6074,200000
Bandar Utama,MY,3.1482,101.6141,200000
Bukit Jalil,MY,3.0491,101.6804,200000
Chakwama,NG,11.5596,9.6641,200000
Qadirpur Ran,PK,30.2918,71.6716,200000
Dajal,PK,29.5577,70.3761,200000
Severnyy,RU,55.9358,37.5489,200000
El Dibir,SO,11.7667,51.2167,200000
Beiliu,CN,22.7072,110.3492,199769
Sirjan,IR,29.4514,55.6809,199704
Iquique,CL,-20.2133,-70.1503,199587
Thuận Thanh,VN,21.046,106.079,199577
Balakovo,RU,52.0264,47.7967,199572
Armavir,RU,44.9985,41.1147,199548
Jaraguá do Sul,BR,-26.4861,-49.0667,199519
Yachiyo,JP,35.7353,140.1244,199498
Saidpur,BD,25.7777,88.8917,199422
Quận Bốn,VN,10.7668,106.7057,199329
Arīsh,EG,31.1316,33.7984,199243
Rawang,MY,3.3213,101.5767,199095
Dudley,GB,52.5,-2.0833,199059
Mushin,NG,6.528,3.3541,199000
Yuzhno-Sakhalinsk,RU,46.9543,142.7356,198973
Hagen,DE,51.3608,7.4717,198972
Salatiga,ID,-7.3319,110.4928,198971
Rio Grande,BR,-32.035,-52.0986,198935
Guacara,VE,10.2261,-67.877,198883
Khūy,IR,38.5503,44.9521,198845
Gliwice,PL,50.2976,18.6766,198835
Changji,CN,44.0078,87.3046,198776
Kodaira,JP,35.726,139.4851,198739
Plano Piloto,BR,-15.7941,-47.8825,198697
Amarillo,US,35.222,-101.8313,198645
Bulandshahr,IN,28.4039,77.8577,198612
Lusail,QA,25.4175,51.5075,198600
Aberdeen,GB,57.1437,-2.0981,198590
Taranto,IT,40.4644,17.2471,198585
Capiatá,PY,-25.3552,-57.4455,198553
Zango,AO,-9.0121,13.3844,198538
Duyun,CN,26.2667,107.5167,198516
Naivasha,KE,-0.7138,36.4326,198444
Kaiyuan,CN,23.6977,103.3037,198423
Cachoeiro de Itapemirim,BR,-20.8489,-41.1128,198342
Rzeszów,PL,50.0413,21.999,198317
Rostock,DE,54.0887,12.1405,198293
Parma,IT,44.7993,10.3262,198292
Sibu,MY,2.3,111.8167,198239
Arnavutköy,TR,41.1835,28.7402,198165
Itami,JP,34.7843,135.4013,198138
Mentougou,CN,39.9382,116.0931,197772
Bhind,IN,26.5667,78.7873,197585
Akron,US,41.0814,-81.519,197542
Talca,CL,-35.4232,-71.6497,197479
Kassel,DE,51.3167,9.5,197230
Ciudad Madero,MX,22.2475,-97.8367,197216
Sawangan,ID,-6.4028,106.7744,197170
Gemena,CD,3.2565,19.7723,197159
Bhālswa Jahangirpur,IN,28.7356,77.1668,197148
Lushui,CN,25.8232,98.8585,197000
Bīrjand,IR,32.8663,59.2211,196982
Toruń,PL,53.0138,18.5981,196935
Almería,ES,36.8381,-2.4597,196851
Jijiang,CN,29.2899,106.25,196787
Ahmadpur East,PK,29.1427,71.2577,196718
Huánuco,PE,-9.9288,-76.2399,196627
Higashihiroshima,JP,34.4086,132.7368,196608
İzmit,TR,40.765,29.9293,196571
Reims,FR,49.2653,4.0285,196565
Hanfeng,CN,31.1695,108.4031,196528
Vancouver,US,45.6387,-122.6615,196442
Birmingham,US,33.5207,-86.8025,196357
Itabuna,BR,-14.7856,-39.2803,196344
Laayoune,EH,27.1418,-13.188,196331
Khammam,IN,17.2477,80.1437,196283
H̱olon,IL,32.0103,34.7792,196282
Middelburg,ZA,-25.7751,29.4648,196263
Icheon-si,KR,37.2792,127.4425,196230
Khirdalan,AZ,40.4481,49.755,196200
Phra Pradaeng,TH,13.6585,100.5336,196129
Moundou,TD,8.5744,16.0772,196124
Sambhal,IN,28.585,78.5696,196109
Bhiwāni,IN,28.793,76.1397,196057
Engels,RU,51.4839,46.1053,196011
Ciudad Lázaro Cárdenas,MX,17.9626,-102.1989,196003
Mocuba,MZ,-16.8375,36.9856,196001
Hetauda,NP,27.4284,85.0322,195951
Durrës,AL,41.3235,19.4547,195920
Suzuka,JP,34.8833,136.5833,195670
Hub,PK,25.0255,66.8853,195661
La Plata,AR,-34.9213,-57.9544,195443
Janakpur,NP,26.7288,85.9263,195438
Kamirenjaku,JP,35.6942,139.5549,195391
Panvel,IN,18.9888,73.1101,195373
Peicheng,CN,34.7361,116.9247,195363
Maharagama,LK,6.848,79.9265,195355
Montgomery,US,32.3668,-86.3,195287
Liège,BE,50.6337,5.5675,195278
Kumagaya,JP,36.135,139.39,195277
Guri-si,KR,37.5986,127.1394,195236
Ambāla,IN,30.361,76.7978,195153
Grand Rapids,US,42.9634,-85.6681,195097
Prato,IT,43.8805,11.097,195089
Kumarapalayam,IN,11.445,77.711,195071
Butwāl,NP,27.6912,83.4525,195054
Dhirkot,PK,34.0392,73.5769,195000
Kayes,ML,14.4478,-11.4439,194716
Bontang,ID,0.1324,117.4854,194606
Kafr ash Shaykh,EG,31.1117,30.9399,194569
Tébessa,DZ,35.4042,8.1242,194461
Kuala Kubu Baharu,MY,3.5638,101.6581,194387
Karuri,KE,-1.1764,36.7564,194342
Karuri,KE,-0.7,37.1833,194342
Manéah,GN,9.7333,-13.4167,194297
Severodvinsk,RU,64.5583,39.8297,194292
Kowloon City Centre,HK,22.3298,114.1889,194290
Matuga,KE,-4.168,39.5707,194252
Düzce,TR,40.8389,31.1639,194097
Nnewi,NG,6.0196,6.9173,193987
Yamaguchi,JP,34.1833,131.4667,193966
Alcalá de Henares,ES,40.4821,-3.36,193751
Başakşehir,TR,41.106,28.791,193750
Ezhou,CN,30.4,114.8333,193652
Zhengding,CN,38.145,114.5656,193524
Būkān,IR,36.521,46.2089,193501
Taguatinga,BR,-15.8333,-48.0551,193367
Braga,PT,41.5514,-8.4231,193324
Garhi Khairo,PK,28.0572,67.979,193297
Luanshya,ZM,-13.1367,28.4166,193293
Padalarang,ID,-6.8378,107.4728,193114
Bang Khae,TH,13.693,100.4076,193002
Bago City,PH,10.5333,122.8333,192993
Yongchuan,CN,29.3538,105.8939,192954
Uji,JP,34.8904,135.8032,192925
Machilīpatnam,IN,16.1875,81.1389,192827
Hepu,CN,21.6592,109.2001,192813
Aihui,CN,49.9795,127.4812,192764
Hyesan,KP,41.4017,128.1778,192680
Bayamo,CU,20.3737,-76.6427,192632
Kielce,PL,50.8703,20.6275,192468
Pār Naogaon,BD,24.8042,88.9488,192464
Fuding,CN,27.3273,120.214,192352
Castanhal,BR,-1.2939,-47.9264,192256
Cidade Tiradentes,BR,-23.5848,-46.4008,192177
Zabrze,PL,50.3249,18.7858,192177
Hamilton,NZ,-37.7833,175.2833,192100
Bojnūrd,IR,37.4747,57.329,192041
Surulere,NG,6.5015,3.3581,191920
Humen,CN,22.819,113.6731,191891
Benfica,AO,-8.9443,13.1643,191828
Hat Yai,TH,7.0084,100.4767,191696
Haicheng,CN,40.8516,122.7475,191651
Curug,ID,-6.2658,106.5564,191406
Barrancabermeja,CO,7.0653,-73.8547,191403
Zlatoust,RU,55.1718,59.6547,191366
Mukono,UG,0.3533,32.7553,191300
Angren,UZ,41.0167,70.1436,191300
Ciudad del Carmen,MX,18.6459,-91.8299,191238
Khairpur Mir’s,PK,27.5295,68.7592,191044
Business Bay,AE,25.1854,55.2697,191000
Khujand,TJ,40.2826,69.6222,191000
Peoria,US,33.5806,-112.2374,190985
Ashaiman,GH,5.6995,-0.0348,190972
Tanjungbalai,ID,2.9667,99.8,190935
Providence,US,41.824,-71.4128,190934
Mahesāna,IN,23.5986,72.3847,190753
Knoxville,US,35.9606,-83.9207,190740
Rangel,AO,-8.8264,13.2629,190569
Fuenlabrada,ES,40.2842,-3.7942,190496
Hino,JP,35.6731,139.4003,190435
Jhelum,PK,32.9345,73.731,190425
Mahbūbnagar,IN,16.7438,77.986,190400
Beipiao,CN,41.7919,120.7792,190315
Pak Kret,TH,13.9118,100.4977,190272
Cẩm Phả,VN,21.01,107.2734,190232
Al Fallūjah,IQ,33.3491,43.786,190159
Jinshanlu,CN,47.8505,88.1329,190064
Ise-Ekiti,NG,7.4648,5.4233,190063
Nova Friburgo,BR,-22.2819,-42.5311,189939
Guarapuava,BR,-25.3905,-51.4654,189630
Kofu,JP,35.6667,138.5667,189591
Numazu,JP,35.1,138.8667,189486
Santa Bárbara d'Oeste,BR,-22.7536,-47.4136,189456
Jōetsu,JP,37.1483,138.2364,189430
Planaltina,BR,-15.6179,-47.6487,189412
Sunrise Manor,US,36.2111,-115.0731,189372
Sambalpur,IN,21.4653,83.9757,189366
Syzran,RU,53.1585,48.4681,189338
Danshui,TW,25.172,121.4429,189271
Bytom,PL,50.348,18.9328,189186
Mwene-Ditu,CD,-7.0091,23.4528,189177
Ilhéus,BR,-14.7991,-39.0323,189149
Panalanoy,PH,11.2511,125.0064,189090
Guixi,CN,30.3335,107.3454,188980
Odawara,JP,35.2556,139.1597,188856
Labuan Bajo,ID,-8.4964,119.8877,188724
Anjō,JP,34.9583,137.0805,188693
Boyeros,CU,23.0072,-82.4017,188593
George,ZA,-33.963,22.4617,188580
Tottori-shi,JP,35.5,134.2333,188465
Leganés,ES,40.3272,-3.7635,188425
Acarigua,VE,9.5545,-69.1956,188278
Hosa’ina,ET,7.5498,37.8537,188200
Sai Mai,TH,13.9207,100.6455,188123
Yawnghwe,MM,20.6597,96.9338,188083
Mabalacat City,PH,15.223,120.5712,188050
Riohacha,CO,11.5444,-72.9072,188014
Laizhou,CN,37.1807,119.9422,188000
Grand Prairie,US,32.746,-96.9978,187809
Sorsogon,PH,12.9739,123.9933,187670
Ait Melloul,MA,30.3416,-9.5036,187652
Sutton,GB,51.35,-0.2,187600
Shreveport,US,32.5251,-93.7502,187593
Choa Chu Kang New Town,SG,1.3825,103.7497,187550
Getafe,ES,40.3057,-3.733,187525
Quận Năm,VN,10.7557,106.6675,187510
Bhusawal,IN,21.0436,75.7851,187421
Miraflores,PE,-12.1133,-77.0327,187401
Alvorada,BR,-30.0002,-51.0763,187315
Chilpancingo,MX,17.5523,-99.5012,187251
Donaustadt,AT,48.2333,16.46,187007
Pinar del Río,CU,22.4165,-83.6966,186990
Huixing,CN,29.684,106.6149,186972
Kırıkkale,TR,39.8453,33.5064,186960
Batumi,GE,41.6408,41.6306,186949
Burlington,CA,43.3862,-79.8371,186948
Pābna,BD,24.0064,89.2372,186781
Brownsville,US,25.9017,-97.4975,186738
Changyuan,CN,29.405,105.5883,186653
Cienfuegos,CU,22.1468,-80.4481,186644
Beersheba,IL,31.2518,34.7913,186600
El Oued,DZ,33.3561,6.8632,186525
Overland Park,US,38.9822,-94.6708,186515
Raebareli,IN,26.2309,81.2331,186433
Shangri-La,CN,27.8251,99.7078,186400
Springs,ZA,-26.25,28.4,186394
Newport News,US,36.9804,-76.4297,186247
Yangcheng,CN,29.9997,106.256,186242
Mopti,ML,14.4843,-4.183,186187
Khuraybat as Sūq,JO,31.8791,35.921,186158
Zawiya,LY,32.7522,12.7278,186123
Zamora de Hidalgo,MX,19.984,-102.2863,186102
Haridwar,IN,29.9479,78.1603,186079
Ad-Damazin,SD,11.7891,34.3592,186051
Dunhuang,CN,40.1667,94.6833,186027
Jing’an,CN,22.2107,113.2922,186000
Le Havre,FR,49.4935,0.1079,185972
Verhunskyi,UA,48.5857,39.3716,185593
Phusro,IN,23.7564,86.0051,185555
Donostia / San Sebastián,ES,43.3128,-1.975,185357
Poza Rica de Hidalgo,MX,20.5331,-97.4595,185242
Bilbeis,EG,30.4204,31.5622,185237
Roxas City,PH,11.5853,122.7511,185236
Paris 20 Ménilmontant,FR,48.8646,2.3984,185140
Kütahya,TR,39.4242,29.9833,185008
Palopo,ID,-2.9925,120.1969,184961
Potsdam,DE,52.3989,13.0657,184754
Modena,IT,44.6478,10.9254,184732
Bolu,TR,40.7358,31.6061,184682
Toyokawa,JP,34.8167,137.4,184661
Adoni,IN,15.6279,77.275,184625
Izumi,JP,34.4833,135.4333,184615
Santa Anita - Los Ficus,PE,-12.0505,-76.9733,184614
Zaoyang,CN,32.1272,112.7542,184509
Paltan,BD,23.7362,90.4143,184492
Ivory Park,ZA,-25.9957,28.1971,184383
Al Qāmishlī,SY,37.0521,41.2314,184231
Abakan,RU,53.7154,91.4259,184168
Pemalang,ID,-6.8919,109.3826,184149
Breda,NL,51.5866,4.776,184126
Langsa,ID,4.4683,97.9683,184016
Vĩnh Châu,VN,9.3244,105.9801,183918
Baishan,CN,41.9385,126.4197,183880
Sūjāngarh,IN,27.7,74.4667,183808
Linhares,BR,-19.3911,-40.0722,183797
Tachikawa,JP,35.7091,139.4189,183581
Cergy-Pontoise,FR,49.0389,2.0781,183430
Unaizah,SA,26.1,44.0,183319
Mobile,US,30.6944,-88.043,183289
St Helens,GB,53.45,-2.7333,183200
Fort Lauderdale,US,26.1223,-80.1434,183146
Lembang,ID,-6.8117,107.6175,183130
Paris 18 Buttes-Montmartre,FR,48.8925,2.3444,183127
Sants-Montjuïc,ES,41.3726,2.1546,183120
Oradea,RO,47.0458,21.9183,183105
Araguaína,BR,-7.1911,-48.2072,183024
Saarbrücken,DE,49.2326,7.0098,182971
Bunda,TZ,-2.0215,33.8711,182970
Skikda,DZ,36.8762,6.9092,182903
Kyivskyi,UA,50.0448,36.2888,182900
Tirmiz,UZ,37.2242,67.2783,182800
Singosari,ID,-7.8924,112.6658,182656
Porto Seguro,BR,-16.4497,-39.0647,182630
Cúa,VE,10.1624,-66.8825,182558
Sirsa,IN,29.5349,75.029,182534
Kamensk-Ural’skiy,RU,56.4063,61.9335,182500
Cidade Dutra,BR,-23.7258,-46.7024,182459
Reggio Calabria,IT,38.1105,15.6613,182455
Dinapur Nizamat,IN,25.6385,85.0512,182429
Santa Clarita,US,34.3917,-118.5426,182371
Carletonville,ZA,-26.3609,27.3977,182304
Dubréka,GN,9.7911,-13.5233,182296
Metro,ID,-5.1131,105.3067,182293
Banhā,EG,30.4598,31.1842,182254
Bahraigh,IN,27.5743,81.5947,182218
Ash Shaţrah,IQ,31.4091,46.1727,182175
Quarto Oggiaro,IT,45.5131,9.1434,182118
Tsing Yi Town,HK,22.35,114.1,182100
Monywa,MM,22.1086,95.1358,182011
Dessalines,HT,19.2618,-72.5161,181903
Mwala,KE,-1.3525,37.4548,181896
Kāraikkudi,IN,10.0662,78.7678,181851
Araure,VE,9.5814,-69.2385,181820
Barra Mansa,BR,-22.5442,-44.1714,181679
Sultan Pur Majra,IN,28.6897,77.0765,181554
Zhenping,CN,33.0346,112.2276,181528
Anda,CN,46.4487,125.3016,181271
Paris 13 Gobelins,FR,48.8322,2.3561,181271
Petropavlovsk-Kamchatsky,RU,53.0639,158.6275,181216
Wādī as Sīr,JO,31.9545,35.8183,181212
Fardīs,IR,35.7555,50.9967,181174
Chattanooga,US,35.0456,-85.3097,181099
Guna,IN,24.6469,77.3113,180935
Odense,DK,55.3959,10.3883,180863
Sacaba,BO,-17.398,-66.0383,180726
Quetzaltenango,GT,14.8446,-91.5232,180706
Chandannagar,IN,22.8622,88.368,180623
Baharampur,IN,24.1047,88.2515,180547
Ploieşti,RO,44.95,26.0167,180540
Berazategui,AR,-34.7653,-58.2128,180523
Shahuwadi,IN,16.9099,73.9465,180322
Madanapalle,IN,13.5503,78.5029,180180
Tangail,BD,24.2498,89.9166,180144
Shulin,TW,24.9908,121.422,180044
Edirne,TR,41.6772,26.556,180002
Nepean,CA,45.3362,-75.7225,180000
Pingwu County,CN,32.4073,104.5274,180000
Kyaukpyu,MM,19.4279,93.5513,180000
Yasenevo,RU,55.6069,37.5199,180000
Phúc Yên,VN,21.237,105.7048,180000
Shivpuri,IN,25.4238,77.6622,179977
Yangju,KR,37.8331,127.0617,179923
Borshchahivka,UA,50.4316,30.3899,179900
Praga Południe,PL,52.2442,21.0855,179836
Pirituba,BR,-23.4898,-46.7322,179724
Kasama,ZM,-10.2129,31.1808,179636
Surendranagar,IN,22.7271,71.6486,179628
Alexandra,ZA,-26.1053,28.0988,179624
Obuase,GH,6.2023,-1.668,179604
Desnyanskyi,UA,51.5063,31.3168,179600
Novozavodskyi,UA,51.4893,31.2563,179600
Ibirité,BR,-20.0219,-44.0589,179582
Tsentralnyi,UA,47.0983,37.5484,179582
Legaspi,PH,13.1412,123.7407,179481
Phú Quốc,VN,10.2872,104.0105,179480
Podolsk,RU,55.4242,37.5547,179400
Purwakarta,ID,-6.5569,107.4433,179233
Jizzax,UZ,40.1335,67.8296,179200
Ferraz de Vasconcelos,BR,-23.5408,-46.3686,179198
Ila Orangun,NG,8.0171,4.9042,179192
Thị Trấn Đại Từ,VN,21.6338,105.6377,179192
Neyveli,IN,11.6088,79.4994,179150
Angra dos Reis,BR,-23.0067,-44.3181,179120
Qianjiang,CN,30.421,112.8919,179079
Hamm,DE,51.6803,7.8209,178967
Si Racha,TH,13.1728,100.9316,178916
Tiaret,DZ,35.371,1.317,178915
La Rioja,AR,-29.4133,-66.8564,178872
Silchar,IN,24.8273,92.7979,178865
Amadora,PT,38.7538,-9.2308,178858
Cuautitlán,MX,19.6705,-99.1799,178847
Ipswich,GB,52.0592,1.1555,178835
Njeru,UG,0.4417,33.1792,178800
Toliara,MG,-23.35,43.6667,178725
Paris 19 Buttes-Chaumont,FR,48.8817,2.3822,178691
Saki,NG,8.6676,3.3939,178677
Chlef,DZ,36.1653,1.3345,178616
Fontanar,CU,23.0239,-82.408,178601
Seogwipo,KR,33.2533,126.5618,178552
Concepcion,PH,15.3255,120.6572,178549
East Flatbush,US,40.6537,-73.9304,178464
Spring Valley,US,36.108,-115.245,178395
Livingstone,ZM,-17.8419,25.8543,178361
Potchefstroom,ZA,-26.7167,27.1,178285
Santa Rosa,US,38.4405,-122.7144,178127
Ciudad Camilo Cienfuegos,CU,23.1608,-82.328,178041
Paris 13e Arrondissement,FR,48.8262,2.3599,177833
Sambizanga,AO,-8.7888,13.2751,177808
Proddatūr,IN,14.7502,78.5481,177797
Sittwe,MM,20.1462,92.8983,177743
Dundo,AO,-7.3664,20.8156,177604
Basel,CH,47.5584,7.5733,177595
Meiktila,MM,20.8778,95.8584,177442
Gulu,UG,2.7746,32.299,177400
Nijmegen,NL,51.8425,5.8528,177359
Idkū,EG,31.3073,30.2981,177152
Uppsala,SE,59.8588,17.6389,177074
Hugli,IN,22.9088,88.3967,177005
Hashtsāl,IN,28.6341,77.0577,176877
Bragança Paulista,BR,-22.9527,-46.5442,176811
Teresópolis,BR,-22.4167,-42.9782,176735
San Luis Río Colorado,MX,32.4555,-114.7704,176685
Santa Ana,SV,13.9883,-89.5568,176661
Eugene,US,44.0521,-123.0867,176654
Nador,MA,35.1681,-2.9335,176600
Al Muharraq,BH,26.2572,50.6119,176583
Bielsko-Biala,PL,49.8225,19.0469,176515
Marsá Maţrūḩ,EG,31.3529,27.2372,176498
Almere Stad,NL,52.3702,5.2141,176432
Burgos,ES,42.3411,-3.7018,176418
Gijang,KR,35.2442,129.2139,176388
Lander,VE,10.1833,-66.7,176346
Saint-Étienne,FR,45.4339,4.39,176280
Amroha,IN,28.9031,78.4698,176253
Narashino,JP,35.6818,140.0415,176197
Béjaïa,DZ,36.7559,5.0843,176139
Zhenzhou,CN,32.2803,119.17,176006
Tempe,US,33.4148,-111.9093,175826
Xindi,CN,29.8167,113.4667,175761
Oceanside,US,33.1959,-117.3795,175691
Bella Vista,DO,18.4554,-69.9454,175683
Fengcheng,CN,29.8259,107.0602,175576
Salem,US,44.9429,-123.0351,175535
Wigan,GB,53.543,-2.6371,175405
Garden Grove,US,33.7739,-117.9415,175393
Karaman,TR,37.1811,33.215,175390
Oshawa,CA,43.9001,-78.8496,175383
Siverek,TR,37.755,39.3167,175341
Rancho Cucamonga,US,34.1064,-117.5931,175236
Cape Coral,US,26.5629,-81.9495,175229
Tân Châu,VN,10.7983,105.2389,175211
Teluknaga,ID,-6.0989,106.6381,175155
Jiutai,CN,44.1513,125.8298,175115
Chhindwāra,IN,22.057,78.9396,175052
Itu,BR,-23.2642,-47.2992,175047
Senador Canedo,BR,-16.7081,-49.0931,175042
Khānaqīn,IQ,34.3482,45.3907,175000
Naga,PH,13.6192,123.1814,174931
Tomakomai,JP,42.6369,141.6033,174806
Tambaram,IN,12.9246,80.1271,174787
San Miguel de Allende,MX,20.9153,-100.7439,174615
Cianjur,ID,-6.8222,107.1394,174587
Pamulang,ID,-6.3428,106.7383,174557
Hitachi,JP,36.6,140.65,174508
Timon,BR,-5.0942,-42.8367,174465
Bhetia,IN,22.7932,86.141,174355
Pathānkot,IN,32.2748,75.6529,174306
Tando Adam,PK,25.7682,68.662,174291
Badlapur,IN,19.1552,73.2655,174226
Cikupa,ID,-6.2364,106.5083,174041
Puerto Cabello,VE,10.4731,-68.0125,174000
Latkrabang,TH,13.7278,100.7461,173987
Sakura,JP,35.7167,140.2333,173740
Ube,JP,33.9431,131.2511,173733
Daule,EC,-1.8603,-79.9768,173684
Bayjī,IQ,34.9291,43.4888,173677
Cuddalore,IN,11.7562,79.7669,173636
Santander,ES,43.4659,-3.8049,173635
Tlemcen,DZ,34.8783,-1.315,173531
Shimla,IN,31.1044,77.1666,173503
Shāhīn Shahr,IR,32.8579,51.5529,173329
Croydon,GB,51.3833,-0.1,173314
Myeik,MM,12.4395,98.6003,173298
East New York,US,40.6668,-73.8824,173198
Khān Yūnis,PS,31.3402,34.3063,173183
Dharān,NP,26.8144,87.2797,173096
Mülheim,DE,51.4322,6.8797,173050
Albacete,ES,38.9942,-1.8564,173050
Bata,GQ,1.8639,9.7658,173046
Kamakura,JP,35.3109,139.547,172929
Chicoloapan,MX,19.4169,-98.902,172919
Gadag-Betageri,IN,15.4167,75.6167,172813
Licheng,CN,23.2955,113.8247,172775
Izumo,JP,35.3667,132.7667,172775
São Caetano do Sul,BR,-23.6231,-46.5511,172693
Pindamonhangaba,BR,-22.9239,-45.4617,172681
Gadag,IN,15.4298,75.6297,172612
Ongata Rongai,KE,-1.3953,36.764,172569
Lang'ata,KE,-1.3666,36.7332,172569
Tunja,CO,5.5448,-73.3576,172548
Lages,BR,-27.8161,-50.3261,172458
Quillacollo,BO,-17.3923,-66.2784,172405
Alcorcón,ES,40.3458,-3.8249,172384
Gisenyi,RW,-1.7028,29.2564,172357
Poços de Caldas,BR,-21.7878,-46.5614,172339
Isparta,TR,37.7644,30.5522,172334
Warrington,GB,53.3925,-2.5802,172330
Klaipėda,LT,55.7068,21.1391,172292
Walsall,GB,52.5853,-1.984,172141
Herne,DE,51.5388,7.2257,172108
Lyublino,RU,55.6774,37.76,172000
Mansfield,GB,53.1333,-1.2,171958
Reggio nell'Emilia,IT,44.6983,10.6312,171944
Castelló de la Plana,ES,39.9857,-0.0493,171857
Barreiras,BR,-12.1528,-44.99,171634
Kēng Tung,MM,21.6309,99.9268,171620
Sioux Falls,US,43.5437,-96.728,171544
Prizren,XK,42.2139,20.7397,171464
Dongling,CN,41.8144,123.5758,171454
Ungaran,ID,-7.1397,110.405,171378
Urayasu,JP,35.6588,139.9006,171362
Long Khánh,VN,10.9266,107.2478,171276
Dagupan,PH,16.0431,120.3333,171271
Ontario,US,34.0633,-117.6509,171214
Watthana,TH,13.7298,100.5854,171150
Verāval,IN,20.9077,70.3679,171121
Navsari,IN,20.9424,72.9247,171109
Imabari,JP,34.07,133.0002,170986
Mansa,ZM,-11.1998,28.8943,170965
Fort Collins,US,40.5853,-105.0844,170924
Bảo Lộc,VN,11.548,107.8077,170920
Kulim,MY,5.365,100.5618,170889
Oshodi,NG,6.555,3.3436,170870
Ramat Gan,IL,32.0823,34.8107,170822
Bahadurgarh,IN,28.6929,76.9356,170767
Haldia,IN,22.0605,88.1098,170695
Temirtau,KZ,50.052,72.955,170600
East Helsinki,FI,60.2104,25.0829,170557
Parnaíba,BR,-2.9047,-41.7767,170491
Carolina,PR,18.3808,-65.9574,170404
Rāiganj,IN,25.6128,88.1245,170252
Malāyer,IR,34.3016,48.8217,170237
Springfield,US,37.2153,-93.2982,170188
Sunderland,GB,54.9046,-1.3822,170134
Takaoka,JP,36.75,137.0167,170077
Baranovichi,BY,53.1326,26.0078,170039
Malda,IN,25.0045,88.1457,170039
Guadalupe,MX,22.7468,-102.5188,170029
Nishio,JP,34.8667,137.05,169984
San Luis,AR,-33.2914,-66.3247,169947
Ouargla,DZ,31.9493,5.325,169928
Olsztyn,PL,53.7838,20.4927,169793
Kipushi,CD,-11.761,27.2513,169635
Yuen Long Kau Hui,HK,22.4483,114.032,169600
Laiyang,CN,36.9758,120.7136,169594
Jaunpur,IN,25.7536,82.6869,169572
Khlong Sam Wa,TH,13.8714,100.7372,169489
Harburg,DE,53.4606,9.9839,169221
Chūō,JP,35.67,139.7754,169179
Mufulira,ZM,-12.5498,28.2407,169136
Deoli,IN,28.5025,77.2312,169122
Jaffna,LK,9.6684,80.0074,169102
Arad,RO,46.1833,21.3167,169065
Chetumal,MX,18.5196,-88.304,169028
Bharūch,IN,21.6948,72.9805,169007
Gurúè,MZ,-15.4669,36.9778,168971
San Miguel,AR,-34.5433,-58.7123,168762
Hirosaki,JP,40.5931,140.4725,168739
Pilsen,CZ,49.7475,13.3776,168733
Chalco,MX,19.2617,-98.8978,168720
Toulon,FR,43.1244,5.9284,168701
Vila Andrade,BR,-23.6262,-46.7283,168669
Hoshiārpur,IN,31.5372,75.9127,168653
Calabozo,VE,8.9242,-67.4293,168605
Jabālyā,PS,31.5272,34.4835,168568
Cuauhtémoc,MX,28.4063,-106.8667,168482
Araraquara,BR,-21.7944,-48.1756,168468
Yopal,CO,5.3357,-72.3939,168433
Ituzaingó,AR,-27.585,-56.6871,168419
Piranshahr,IR,36.701,45.1413,168393
Mahābād,IR,36.7631,45.7222,168393
Florencia,CO,1.6155,-75.6041,168346
Tây Hồ,VN,21.069,105.8105,168300
Moratuwa,LK,6.773,79.8816,168280
Angers,FR,47.4716,-0.552,168279
Ilford,GB,51.5577,0.0728,168168
Hasilpur,PK,29.6922,72.5457,168146
Rio das Ostras,BR,-22.5269,-41.945,168099
Horta-Guinardó,ES,41.4185,2.1677,168092
Pátra,GR,38.2462,21.7351,168034
Rutchenkivskyi,UA,47.976,37.6968,168029
Đồng Xoài,VN,11.535,106.8832,168000
Jamālpur,BD,24.9197,89.9481,167900
Kushiro,JP,42.975,144.3747,167875
Berezniki,RU,59.4091,56.8204,167748
Awka,NG,6.2127,7.072,167738
Volgodonsk,RU,47.5114,42.1527,167731
Hollywood,US,34.0983,-118.3267,167664
Oyama,JP,36.3,139.8,167647
Ijero-Ekiti,NG,7.8151,5.0672,167632
Jīnd,IN,29.3158,76.315,167592
Miass,RU,55.0455,60.1076,167500
Fortechnyi,UA,48.4986,32.2537,167451
Tuguegarao,PH,17.6158,121.7228,167297
Carúpano,VE,10.6652,-63.2539,167187
Kumbakonam,IN,10.9621,79.3912,167155
Plumbon,ID,-6.705,108.4728,167105
Darmstadt,DE,49.8717,8.6503,167029
Mary,TM,37.5938,61.8303,167027
Novocherkassk,RU,47.4222,40.0937,166974
Elk Grove,US,38.4088,-121.3716,166913
Mohali,IN,30.68,76.7221,166864
Sampit,ID,-2.5315,112.9496,166773
Clarksville,US,36.5298,-87.3594,166722
Wan Chai,HK,22.2814,114.1726,166695
Linköping,SE,58.4109,15.6216,166673
Iwata,JP,34.7,137.85,166672
Kamalia,PK,30.7271,72.6461,166617
Pembroke Pines,US,26.0032,-80.2239,166611
Maicao,CO,11.3784,-72.2395,166603
Obihiro,JP,42.9172,143.2044,166536
Fatehpur,IN,25.9277,80.8127,166480
Osnabrück,DE,52.2726,8.0498,166462
Calama,CL,-22.4567,-68.9237,166334
Nou Barris,ES,41.4416,2.1773,166310
Nepalgunj,NP,28.05,81.6167,166258
Comitán,MX,16.24,-92.1367,166178
Ocumare del Tuy,VE,10.1182,-66.7751,166072
Niiza,JP,35.8209,139.5579,166017
Greater Sudbury,CA,46.49,-80.99,166004
Ulanhot,CN,46.0833,122.0833,165846
Khobar,SA,26.2794,50.2083,165799
Songcheng,CN,26.8819,120.0011,165730
Deer Valley,US,33.6839,-112.1349,165656
Bang Khun Thian,TH,13.663,100.4342,165491
Murfreesboro,US,35.8456,-86.3903,165430
Bushehr,IR,28.9689,50.8366,165377
Dar Bouazza,MA,33.5153,-7.8168,165295
Tonk,IN,26.1664,75.7882,165294
Saqqez,IR,36.2499,46.2735,165258
Béchar,DZ,31.6167,-2.2167,165241
Tam Kỳ,VN,15.5736,108.474,165240
Gölbaşı,TR,39.7904,32.809,165201
Francisco Morato,BR,-23.2817,-46.7453,165139
Bima,ID,-8.4601,118.7267,165113
Mu-se,MM,23.9974,97.9011,165022
Udupi,IN,13.3347,74.7462,165000
Shahrud,IR,36.4182,54.9763,165000
Banjaran,ID,-7.0453,107.5878,164952
Thenali,IN,16.2425,80.6398,164937
Mthatha,ZA,-31.5889,28.7844,164848
Hengshan,CN,45.2084,130.8981,164844
Slough,GB,51.5095,-0.5954,164793
Bocoio,AO,-12.4702,14.1369,164685
Neukölln,DE,52.4772,13.4313,164636
Port Saint Lucie,US,27.2939,-80.3503,164603
Sītāpur,IN,27.5619,80.6826,164435
Alandur,IN,13.0025,80.2061,164430
Zenica,BA,44.2017,17.904,164423
Lajeado,BR,-23.5336,-46.4087,164391
Solingen,DE,51.1734,7.0845,164359
Itapetininga,BR,-23.5917,-48.0531,164256
Ðông Hà,VN,16.8163,107.1003,164228
Corona,US,33.8753,-117.5664,164226
Ḩawallī,KW,29.3328,48.0286,164212
Musoma,TZ,-1.5,33.8,164172
Inisa,NG,7.8486,4.3298,164161
Nazran,RU,43.226,44.7732,164131
Ilagan,PH,17.1485,121.8892,164020
Port-Gentil,GA,-0.7193,8.7815,164018
Bhadrāvati,IN,13.8485,75.705,163903
Santana de Parnaíba,BR,-23.4442,-46.9178,163787
Hadano,JP,35.3711,139.2236,163787
Piraeus,GR,37.942,23.6462,163688
Vapi,IN,20.3717,72.9049,163630
Bournemouth,GB,50.7205,-1.8795,163600
Pedreira,BR,-23.7067,-46.6498,163586
Sidon,LB,33.5575,35.3715,163554
Caxias,BR,-4.8589,-43.3561,163546
‘Ibrī,OM,23.2257,56.5157,163473
Jomvu,KE,-3.9862,39.6082,163415
Garissa,KE,-0.4527,39.646,163399
Moga,IN,30.8138,75.1688,163397
Peterborough,GB,52.5736,-0.2478,163379
Piedecuesta,CO,6.9879,-73.0495,163362
Tongzhou,CN,39.904,116.6618,163326
Ludwigshafen am Rhein,DE,49.4812,8.4464,163196
Lat Krabang,TH,13.722,100.7847,163175
Şalālah,OM,17.015,54.0924,163140
Büyükçekmece,TR,41.0207,28.585,163140
Rāj-Nāndgaon,IN,21.0969,81.0289,163114
Aydın,TR,37.845,27.8396,163022
Envigado,CO,6.1759,-75.5917,163007
Itapecerica da Serra,BR,-23.7169,-46.8492,163003
Al-Junaynah,SD,13.4526,22.4473,162981
Anbu,CN,23.4489,116.6809,162964
McKinney,US,33.1976,-96.6153,162898
Mostaganem,DZ,35.9312,0.0892,162885
Chirchiq,UZ,41.4689,69.5822,162800
Bandar-e Māhshahr,IR,30.5566,49.1885,162797
Floridsdorf,AT,48.25,16.4,162779
Leverkusen,DE,51.0303,6.9843,162738
Pandi,PH,14.865,120.9572,162725
Capas,PH,15.3312,120.5898,162724
Ning’er,CN,23.0405,101.0368,162711
Haarlem,NL,52.3808,4.6368,162543
Arnhem,NL,51.98,5.9111,162424
Nkongsamba,CM,4.9547,9.9404,162309
El Vigía,VE,8.6135,-71.657,162289
Araucária,BR,-25.5931,-49.4103,162247
Robertsonpet,IN,12.9563,78.2754,162230
Kitale,KE,1.0157,35.0062,162174
Suleja,NG,9.1806,7.1794,162135
Pouso Alegre,BR,-22.23,-45.9364,162133
Taza,MA,34.21,-4.01,162110
Oxford,GB,51.7522,-1.256,162100
Al Maţarīyah,EG,31.1829,32.0311,162045
Kunduz,AF,36.7289,68.857,161902
Fengcheng,CN,34.7039,116.5872,161850
Trảng Bàng,VN,11.0299,106.3575,161831
Unnāo,IN,26.5471,80.4878,161671
Hortaleza,ES,40.4744,-3.6411,161661
N'dalatando,AO,-9.2978,14.9116,161584
Budaun,IN,28.0381,79.1267,161555
Ōgaki,JP,35.35,136.6167,161539
Newport,GB,51.5877,-2.9983,161506
Coquimbo,CL,-29.9533,-71.3395,161317
Baubau,ID,-5.4633,122.6024,161280
Đưc Trọng,VN,11.7356,108.3733,161232
Blitar,ID,-8.0983,112.1681,161204
Alagoinhas,BR,-12.1356,-38.4192,161196
KwaDukuza,ZA,-29.3282,31.2895,161177
Miyakonojō,JP,31.7333,131.0667,161137
Madhyamgram,IN,22.6894,88.4459,161126
Lancaster,US,34.698,-118.1367,161103
Rubtsovsk,RU,51.5147,81.2061,161065
Tacheng,CN,46.7454,82.9585,161037
Kindia,GN,10.0569,-12.8658,161024
Tauranga,NZ,-37.6861,176.1667,161000
Kalemie,CD,-5.9475,29.1947,160961
Chatuchak,TH,13.829,100.5593,160906
San Juan de los Morros,VE,9.9125,-67.354,160868
Sayama,JP,35.8529,139.4121,160843
Sullana,PE,-4.9039,-80.6853,160789
's-Hertogenbosch,NL,51.6992,5.3042,160783
Szeged,HU,46.253,20.1482,160766
Malakal,SS,9.5334,31.6605,160765
Chittoor,IN,13.2105,79.0956,160722
Toledo,BR,-24.7136,-53.7431,160701
Salamanca,MX,20.5698,-101.1977,160682
Ban Khlong Prawet,TH,13.719,100.6815,160671
La Gi,VN,10.6599,107.7721,160652
Anderlecht,BE,50.8362,4.3145,160553
Mytishchi,RU,55.911,37.7296,160542
Delegación Cuajimalpa de Morelos,MX,19.3692,-99.2909,160491
Hebron,PS,31.5294,35.0938,160470
Camaragibe,BR,-8.0217,-34.9811,160318
Mogi Guaçu,BR,-22.3677,-46.9455,160318
Mejicanos,SV,13.724,-89.188,160317
Trà Vinh,VN,9.9472,106.3423,160310
Parepare,ID,-4.0135,119.6255,160309
Jāmuria,IN,23.7047,87.0787,160242
Koudougou,BF,12.2519,-2.3669,160239
Nyzhnodniprovsk,UA,48.4755,35.1167,160123
Taunggyi,MM,20.7892,97.0378,160115
Dhamār,YE,14.5427,44.4051,160114
Dubai Investments Park,AE,25.0083,55.1568,160000
Ash Sharqāt,IQ,35.5172,43.2281,160000
Dijon,FR,47.3134,5.0139,159941
Salavat,RU,53.3828,55.9109,159893
Ede,NG,7.7363,4.4354,159866
Sukrah,TN,36.8774,10.2468,159862
Manzanillo,MX,19.1169,-104.3421,159853
Jalapa,GT,14.6354,-89.9911,159840
Paech’ŏn-ŭp,KP,37.9931,126.3014,159825
Cary,US,35.7915,-78.7811,159769
Skudai,MY,1.5374,103.6578,159733
Tahoua,NE,14.8888,5.2692,159468
Alexandria,US,38.8048,-77.0469,159467
Tuxtepec,MX,18.0883,-96.1253,159452
Puthia,BD,24.3654,88.8343,159406
Newton,CA,49.1333,-122.85,159390
Paris 16 Passy,FR,48.8637,2.2769,159386
Zhicheng,CN,30.2956,111.5047,159383
Ang Mo Kio New Town,SG,1.3803,103.8397,159340
Limuru,KE,-1.1136,36.642,159314
San Miguel del Padrón,CU,23.0954,-82.3267,159273
Tarija,BO,-21.5355,-64.7296,159269
Patos de Minas,BR,-18.5789,-46.5181,159235
Oldenburg,DE,53.1404,8.2148,159218
Paris 17 Batignolles-Monceau,FR,48.8835,2.3219,159212
Matsusaka,JP,34.5789,136.5371,159145
Catamarca,AR,-28.4696,-65.7852,159139
Tochigi,JP,36.3833,139.7333,159056
Khoroshëvo-Mnevniki,RU,55.7836,37.4714,159000
Bibirevo,RU,55.8833,37.6,159000
Bordj Bou Arreridj,DZ,36.0739,4.7614,158812
Dīla,ET,6.4167,38.3167,158800
Jaigaon,IN,26.8477,89.3756,158664
Atibaia,BR,-23.1169,-46.5503,158647
Batāla,IN,31.8092,75.2029,158621
Grenoble,FR,45.1787,5.7148,158552
Sāmarrā’,IQ,34.1959,43.8857,158508
Tempe Junction,US,33.4142,-111.9435,158368
Palmdale,US,34.5794,-118.1165,158351
George Town,MY,5.4112,100.3354,158336
El Achir,DZ,36.0639,4.6274,158333
Hayward,US,37.6688,-122.0808,158289
Orai,IN,25.9902,79.4533,158265
Thốt Nốt,VN,10.2721,105.5338,158225
Gweru,ZW,-19.45,29.8167,158200
Abaetetuba,BR,-1.7181,-48.8825,158188
Centro Habana,CU,23.1349,-82.3689,158151
Panguíla,AO,-8.6934,13.4491,158068
Bukit Batok New Town,SG,1.359,103.7637,158030
Chom Thong,TH,13.6772,100.4841,158005
Gol’yanovo,RU,55.823,37.8131,158000
Sunggal,ID,3.5765,98.6151,157914
Industrialnyi,UA,49.9546,36.3691,157900
Admiralteisky,RU,59.923,30.3,157897
Diourbel,SN,14.6479,-16.2436,157554
Ueda,JP,36.4027,138.2816,157480
Aberdeen,HK,22.248,114.1529,157400
Avtozavodskyi,UA,49.0975,33.4321,157382
Salinas,US,36.6777,-121.6555,157380
San Blas-Canillejas,ES,40.4389,-3.6154,157367
Cuautla,MX,18.8106,-98.9352,157336
Salzburg,AT,47.7994,13.044,157245
Perbaungan,ID,3.5679,98.956,157174
Nong Chok,TH,13.8559,100.8622,157138
Ussuriysk,RU,43.8047,131.9573,157068
Arif Wala,PK,26.3248,66.2959,157063
Nanpiao,CN,41.0982,120.7479,157044
Livorno,IT,43.5443,10.3262,157017
Río Cuarto,AR,-33.1304,-64.3527,157010
Harar,ET,9.3139,42.1181,157000
Tiraspol,MD,46.8428,29.6284,157000
Enfield Town,GB,51.6515,-0.085,156858
Westonaria,ZA,-26.3191,27.6486,156831
Lizhi,CN,29.7032,107.3952,156753
Hitachi-Naka,JP,36.3966,140.5348,156581
Saharsa,IN,25.875,86.5961,156540
Qalyub,EG,30.1792,31.2056,156363
Escuintla,GT,14.301,-90.7882,156313
Marbella,ES,36.5154,-4.8858,156295
Ereğli,TR,37.5133,34.0467,156253
Batu Pahat,MY,1.8548,102.9325,156236
Sitiawan,MY,4.2168,100.6996,156234
Mariveles,PH,14.4338,120.4857,156200
San Pablo de las Salinas,MX,19.6666,-99.0948,156191
Lampang,TH,18.2923,99.4928,156139
York,GB,53.9576,-1.0827,156135
Bạc Liêu,VN,9.2941,105.7278,156110
Juja,KE,-1.1015,37.0132,156041
Nek’emtē,ET,9.0833,36.55,156000
Fès al Bali,MA,34.0701,-4.9547,156000
Örebro,SE,59.2741,15.2066,155989
Al Miqdādīyah,IQ,33.9786,44.9369,155968
Katsuta,JP,36.3833,140.5333,155968
Malabo,GQ,3.7558,8.7817,155963
Vidisha,IN,23.526,77.8109,155951
Tuy Hòa,VN,13.0955,109.3209,155921
Yizhou,CN,24.5,108.6667,155872
Xinqiao,CN,31.065,121.3075,155856
Sunnyvale,US,37.3688,-122.0363,155805
Tema,GH,5.6698,-0.0166,155782
Yichun,CN,47.7214,128.8753,155762
Đức Phổ,VN,14.8135,108.9593,155743
San Martin Texmelucan de Labastida,MX,19.2843,-98.4389,155738
Ar Ramthā,JO,32.5587,36.0082,155693
Hanumāngarh,IN,29.5818,74.3294,155687
São Mateus,BR,-23.6058,-46.4789,155682
Zemun,RS,44.8458,20.4012,155591
Telford,GB,52.6766,-2.4493,155570
Kisi,NG,9.083,3.852,155510
Nilópolis,BR,-22.8075,-43.4139,155500
Villa Canales,GT,14.4828,-90.5343,155423
Guyong,PH,14.8361,120.9784,155391
Settat,MA,33.001,-7.6166,155333
Brusque,BR,-27.098,-48.9128,155307
Paço do Lumiar,BR,-2.5322,-44.1075,155307
Jampur,PK,29.6424,70.5952,155243
Port Louis,MU,-20.1619,57.4989,155226
Kawanishi,JP,34.8167,135.4167,155165
Thānesar,IN,29.9732,76.8321,155152
Al Ḩawāmidīyah,EG,29.9,31.25,155055
Hassan,IN,13.0071,76.0962,155006
Lianghu,CN,29.9915,120.8984,155000
Tetuán de las Victorias,ES,40.4597,-3.6975,155000
Kishangarh,IN,26.5901,74.854,154886
Birendranagar,NP,28.5967,81.6166,154886
Dalūpura,IN,28.6057,77.319,154791
Guangshui,CN,31.6199,113.9978,154771
Saint-Denis,RE,-20.8823,55.4504,154765
Brăila,RO,45.2715,27.9743,154686
Lyubertsy,RU,55.6772,37.8932,154650
Bumba,CD,2.1877,22.4683,154586
Rudrapur,IN,28.98,79.4,154554
La Serena,CL,-29.9059,-71.2501,154521
Miskolc,HU,48.1033,20.7781,154521
Abū Kabīr,EG,30.7251,31.6715,154466
Fu’an,CN,27.0913,119.6445,154439
Kitengela,KE,-1.4761,36.9614,154436
Frisco,US,33.1507,-96.8236,154407
Zhaodong,CN,46.0522,125.9552,154406
Wujiaqu,CN,44.1628,87.5217,154400
Shomolu,NG,6.5389,3.3742,154390
Janzūr,LY,32.8187,13.0173,154389
Xai-Xai,MZ,-25.0519,33.6442,154356
Springfield,US,42.1015,-72.5898,154341
Nalgonda,IN,17.0544,79.2671,154326
Katabi,UG,0.0841,32.4697,154300
Gwangyang,KR,34.9414,127.6957,154266
Kovrov,RU,56.3575,41.3189,154224
Viranşehir,TR,37.2235,39.7552,154163
Noda,JP,35.949,139.8679,154114
San Cristóbal,DO,18.4171,-70.1068,154040
East Chattanooga,US,35.0654,-85.2491,154024
Limassol,CY,34.6841,33.0379,154000
Kariya,JP,34.9833,136.9833,153834
Pasadena,US,29.6911,-95.2091,153784
Mīt Ghamr,EG,30.7152,31.2592,153754
Sanshui,CN,23.1549,112.8916,153714
Jackson,US,32.2988,-90.1848,153701
Parelheiros,BR,-23.8275,-46.7269,153695
Enschede,NL,52.2183,6.8958,153655
Boshan,CN,36.4833,117.8333,153596
Hazāribāgh,IN,23.9924,85.3616,153595
Yangchun,CN,22.1667,111.7833,153547
Souk Ahras,DZ,36.2864,7.9511,153479
Musanze,RW,-1.4998,29.635,153368
Medinīpur,IN,22.4211,87.3226,153349
Andong,KR,36.5664,128.7227,153348
Bālurghāt,IN,25.221,88.7773,153279
Pomona,US,34.0553,-117.7523,153266
Valle de La Pascua,VE,9.2155,-66.0073,153136
Kreuzberg,DE,52.4997,13.4034,153135
Chincha Alta,PE,-13.4099,-76.1324,153076
Cairns,AU,-16.9237,145.7661,153075
Fyzābād,IN,26.7755,82.1502,153047
Thị Trấn Thuận Châu,VN,21.4385,103.69,153000
Dinapore,IN,25.637,85.0479,152940
Dingzhou,CN,38.5147,114.9868,152934
Kansas City,US,39.1142,-94.6275,152933
As Samawah,IQ,31.332,45.2944,152890
Porbandar,IN,21.6422,69.6093,152760
Sinp’o,KP,40.0397,128.1943,152759
Pengpu,CN,31.2855,121.4367,152725
Wazirabad,PK,32.4432,74.12,152624
Washington Heights,US,40.8501,-73.9354,152613
Lakewood,US,39.7047,-105.0814,152597
Baqubah,IQ,33.754,44.6052,152550
Sumayl,IQ,36.8582,42.8482,152512
Simele,IQ,36.8583,42.8501,152512
Neuss,DE,51.1981,6.685,152457
Chenghua,CN,23.4613,116.7701,152453
Songnim-ni,KP,38.7635,125.641,152425
Bānda,IN,25.4776,80.3349,152218
Cần Giuộc,VN,10.6086,106.6714,152200
Balvanera,AR,-34.6103,-58.3977,152198
Longfeng,CN,46.5317,125.1038,152074
Beining,CN,41.5956,121.7928,152033
Strogino,RU,55.8184,37.4122,152000
Gonbad-e Kāvūs,IR,37.25,55.1672,151910
Etwatwa,ZA,-26.1252,28.4547,151866
Higashimurayama,JP,35.7546,139.4685,151815
Garanhuns,BR,-8.882,-36.5022,151803
Hindupur,IN,13.8281,77.4914,151677
Stavanger,NO,58.9701,5.7333,151669
Bintulu,MY,3.1667,113.0333,151617
Poole,GB,50.7143,-1.9846,151500
Akhmīm,EG,26.5622,31.7457,151430
Kohat,PK,33.582,71.4493,151427
Regensburg,DE,49.0151,12.1016,151389
Layyah,PK,30.9613,70.939,151274
Girga,EG,26.3372,31.8929,151256
Koforidua,GH,6.0941,-0.2591,151255
Bukit Merah Estate,SG,1.2842,103.8231,151250
Logroño,ES,42.4661,-2.4512,151164
Beāwar,IN,26.1012,74.3203,151152
Sykhiv,UA,49.7943,24.0628,151131
Shujaabad,PK,29.8809,71.2934,151115
Escondido,US,33.1192,-117.0864,151038
Ṣuwayliḥ,JO,32.0221,35.8439,151016
Erzincan,TR,39.7392,39.4901,150714
Kırşehir,TR,39.1458,34.1639,150700
Zarichnyi,UA,50.9038,34.8093,150694
La Laguna,ES,28.4853,-16.3201,150661
Kokshetau,KZ,53.2841,69.3936,150649
Eminabad,PK,32.0424,74.26,150646
Anantnag,IN,33.7307,75.1542,150592
Kukichūō,JP,36.0674,139.675,150582
Badajoz,ES,38.8779,-6.9706,150530
Serilingampalle,IN,17.4931,78.302,150525
Malatia-Sebastia,AM,40.174,44.4457,150500
Talcahuano,CL,-36.7249,-73.1168,150499
Chillán,CL,-36.6066,-72.1034,150396
Jaranwala,PK,31.3332,73.4187,150380
Kỳ Anh,VN,18.0624,106.2983,150226
Nong Khaem,TH,13.7059,100.3492,150218
Piedras Negras,MX,28.7001,-100.5235,150178
Kızıltepe,TR,37.1884,40.5772,150174
Astoria,US,40.7721,-73.9301,150165
Musashino,JP,35.7061,139.5594,150149
Paranaguá,BR,-25.5163,-48.5254,150104
Balashikha,RU,55.7948,37.9479,150103
Raigarh,IN,21.8976,83.3966,150019
Gloucester,CA,45.35,-75.6333,150012
Vryheid,ZA,-27.7695,30.7917,150012
Malkajgiri,IN,17.4478,78.5263,150000
Gimcheon,KR,36.1218,128.1198,150000
Bercham,MY,4.6411,101.1393,150000
Setia Alam,MY,3.1016,101.4557,150000
Bandar Tasik Puteri,MY,3.2853,101.4741,150000
Tordher,PK,33.9905,72.2863,150000
Zhulebino,RU,55.7,37.85,150000
Dili,TL,-8.5586,125.5736,150000
Shāntipur,IN,23.2472,88.433,149983
Chishtian,PK,29.7971,72.8577,149939
Playa del Carmen,MX,20.6274,-87.0799,149923
Santa Rita,BR,-7.1139,-34.9781,149910
Split,HR,43.5089,16.4392,149830
Ursynów,PL,52.1505,21.0504,149775
Hollywood,US,26.0112,-80.1495,149728
Madrid Centro,ES,40.4183,-3.7027,149718
Iguatemi,BR,-23.6128,-46.4267,149700
Harunabad,PK,29.6121,73.138,149679
Shūnan,JP,34.0805,131.8256,149632
Agadez,NE,16.9733,7.9911,149549
Burnley,GB,53.8,-2.2333,149422
Reẖovot,IL,31.8942,34.812,149392
Watampone,ID,-4.5386,120.3279,149336
Sabha,LY,27.0377,14.4283,149329
Disūq,EG,31.1326,30.6478,149291
Cagliari,IT,39.2305,9.1192,149257
Borough Park,US,40.634,-73.9968,149248
Harrow,GB,51.5784,-0.3321,149246
Berrechid,MA,33.2655,-7.5875,149201
Queimados,BR,-22.7161,-43.5553,149093
Tambacounda,SN,13.7707,-13.6673,149071
Huddersfield,GB,53.649,-1.7842,149017
Ārabī,ET,9.9628,42.4928,148933
Kerch,UA,45.3567,36.4754,148932
Saguenay,CA,48.4168,-71.0657,148886
Prenzlauer Berg,DE,52.5388,13.4244,148878
Fazenda Rio Grande,BR,-25.6575,-49.3081,148873
Komaki,JP,35.2833,136.9167,148872
Marvdasht,IR,29.8741,52.8026,148858
Melitopol,UA,46.8473,35.382,148851
Dunhua,CN,43.3695,128.2286,148844
Bhuj,IN,23.254,69.6693,148834
Arganzuela,ES,40.4002,-3.6962,148797
Jyväskylä,FI,62.2415,25.7209,148744
Yonago,JP,35.4333,133.3333,148720
Ruqi,SO,9.9729,43.4276,148702
Rimini,IT,44.0575,12.5653,148688
Coquitlam,CA,49.2846,-122.7822,148625
Aḍ-Ḍawāḥy,EG,31.2441,32.2773,148624
Arar,SA,30.9753,41.0381,148540
Valencia,US,34.4436,-118.6095,148456
Moreno,AR,-34.634,-58.7914,148290
Tama,JP,35.6436,139.4684,148285
Rockford,US,42.2711,-89.094,148278
Kalaban Koro,ML,12.5733,-8.0291,148247
El Limón,VE,10.3059,-67.6321,148247
Nîmes,FR,43.8366,4.3579,148236
Dundee,GB,56.4691,-2.9749,148210
Bārākpur,IN,22.766,88.3634,148174
Sao Rafael,BR,-23.6282,-46.4539,148145
Sujiatun,CN,41.6592,123.3392,148113
Astanajapura,ID,-6.8017,108.6311,148047
Xebat,IQ,36.278,43.6707,148047
Ciudad Delicias,MX,28.1901,-105.4701,148045
Siguiri,GN,11.4228,-9.1685,148018
Mbanza Kongo,AO,-6.2667,14.2383,148000
East Hampton,US,37.0374,-76.3316,147993
Honggang,CN,46.3974,124.8845,147977
Sarrià-Sant Gervasi,ES,41.401,2.1394,147912
Kiambu,KE,-1.1714,36.8356,147870
Clermont-Ferrand,FR,45.7797,3.0868,147865
Joliet,US,41.5252,-88.0834,147861
Barrie,CA,44.4001,-79.6663,147829
Bang Kapi,TH,13.7653,100.647,147800
Savannah,US,32.0835,-81.0998,147780
Paterson,US,40.9168,-74.1718,147754
Salamanca,ES,40.4297,-3.6797,147707
Kolomna,RU,55.0711,38.784,147690
Hājīpur,IN,25.6854,85.2098,147688
Rafsanjān,IR,30.4067,55.9939,147680
Hòa Thành,VN,11.287,106.1294,147666
Mestre,IT,45.4917,12.2454,147662
As Sālimīyah,KW,29.3339,48.0761,147649
Bridgeport,US,41.1792,-73.1894,147629
Shevchenko,UA,49.5645,34.5387,147600
Kuntsevo,RU,55.7422,37.4023,147497
Kragujevac,RS,44.0167,20.9167,147473
Aktau,KZ,43.6611,51.1739,147443
Nusantara,ID,-0.9731,116.7086,147430
Balcón de la Lisa,CU,23.0535,-82.4476,147415
Sasarām,IN,24.9494,84.0165,147408
Bohuniya,UA,50.2769,28.6096,147324
Iruma,JP,35.818,139.368,147166
Renca,CL,-33.4019,-70.7062,147151
Kramatorsk,UA,48.7311,37.5678,147145
Naperville,US,41.7859,-88.1473,147100
Manama,BH,26.2279,50.5857,147074
Colima,MX,19.2447,-103.7127,146965
Bhimavaram,IN,16.5408,81.5232,146961
Lárisa,GR,39.6285,22.4211,146926
Nakhodka,RU,42.8436,132.9183,146920
Debre Birhan,ET,9.6795,39.5326,146900
Cacuaco,AO,-8.7798,13.3748,146867
Slobidskyi,UA,49.9448,36.2813,146850
Aix-en-Provence,FR,43.5283,5.4497,146821
Cam Ranh,VN,11.9214,109.1591,146771
Jalalpur Jattan,PK,32.6412,74.2056,146743
Matanzas,CU,23.0439,-81.5828,146733
Beed,IN,18.9892,75.7563,146709
Khasnahzān,IQ,36.2009,44.1424,146639
Taozhou,CN,30.9064,119.4086,146610
Saint-Quentin-en-Yvelines,FR,48.7719,2.0189,146598
Bandar Bukit Raja,MY,3.0874,101.4334,146534
Blackburn,GB,53.75,-2.4833,146521
Rosemont–La Petite-Patrie,CA,45.5366,-73.6069,146501
Colina,CL,-33.2044,-70.6747,146207
Burāri,IN,28.7557,77.1994,146190
Ruda Śląska,PL,50.2584,18.8563,146189
Nouadhibou,MR,20.9419,-17.0384,146048
Puerto Plata,DO,19.7934,-70.6884,146000
Urdaneta,PH,15.9761,120.5711,145935
Chamberí,ES,40.434,-3.7038,145934
Krishnanagar,IN,23.4058,88.4907,145926
Xinji,CN,37.926,115.2191,145911
Jutiapa,GT,14.2849,-89.888,145880
Chitradurga,IN,14.2226,76.4004,145853
Bueng Kum,TH,13.7853,100.6696,145830
Cambridge,GB,52.2,0.1167,145674
Kampung Pasir Gudang Baru,MY,1.4726,103.878,145639
Kampung Sungai Glugur,MY,5.3697,100.3135,145600
Dibrugarh,IN,27.4799,94.9084,145488
Médéa,DZ,36.2642,2.7539,145441
Taishan,CN,22.2513,112.7799,145440
El Eulma,DZ,36.1528,5.6902,145380
Pécs,HU,46.0762,18.2281,145347
Giá Rai,VN,9.2344,105.4583,145340
Abohar,IN,30.1445,74.1955,145302
Tiruvannamalai,IN,12.2266,79.0746,145278
Teixeira de Freitas,BR,-17.535,-39.7419,145216
Gainesville,US,29.6516,-82.3248,145214
Concordia,AR,-31.392,-58.0171,145210
Botucatu,BR,-22.8858,-48.445,145155
Fujieda,JP,34.8667,138.2667,145032
Spanish Town,JM,17.9911,-76.9574,145018
Blackpool,GB,53.8167,-3.05,145007
Urganch,UZ,41.5518,60.6314,145000
Bukoba,TZ,-1.3317,31.8122,144938
Kaithal,IN,29.8015,76.3996,144915
Ingombota,AO,-8.8181,13.2289,144911
Brest,FR,48.3903,-4.4863,144899
Basildon,GB,51.5684,0.4578,144859
Franco da Rocha,BR,-23.3217,-46.7269,144849
Salamanca,ES,40.9688,-5.6639,144825
Villeray–Saint-Michel–Parc-Extension,CA,45.5587,-73.6054,144814
Mesquite,US,32.7668,-96.5992,144788
Ashikaga,JP,36.3333,139.45,144746
Huyện Lâm Hà,VN,11.8155,108.2144,144707
Acheng,CN,45.5456,126.9519,144665
Kelowna,CA,49.8831,-119.4857,144576
Umarkot,PK,25.3633,69.7418,144558
León,NI,12.4353,-86.8786,144538
Kakamigahara,JP,35.4167,136.8667,144521
Le Mans,FR,48.0021,0.2025,144515
Lodhran,PK,29.5339,71.6324,144512
Campo Largo,BR,-25.4596,-49.5301,144504
Trois-Rivières,CA,46.3451,-72.5477,144472
Hailin,CN,44.5715,129.3854,144443
Tsuchiura,JP,36.0905,140.2105,144399
Elektrostal’,RU,55.7865,38.4571,144387
Balasore,IN,21.4927,86.9335,144373
Yong’an,CN,31.0189,109.4595,144314
Paris 11e Arrondissement,FR,48.8583,2.3795,144292
Kampong Pasir Ris,SG,1.3783,103.9319,144260
Huelva,ES,37.2664,-6.94,144258
Nemyshlyanskyi,UA,49.9644,36.3338,144200
Navoiy,UZ,40.0844,65.3792,144158
Syracuse,US,43.0481,-76.1474,144142
Ashkelon,IL,31.6693,34.5715,144073
Pinetown,ZA,-29.8207,30.8867,144026
Teshi Old Town,GH,5.5836,-0.1072,144013
Biryulëvo,RU,55.5864,37.6778,144000
Orekhovo-Borisovo,RU,55.6125,37.7264,144000
Kusatsu,JP,35.0167,135.9667,143913
Nanjin,CN,29.985,106.2653,143766
Guelph,CA,43.5459,-80.256,143740
Qianjiang,CN,29.5328,108.7748,143727
Ramna Maidan,BD,23.7333,90.4,143677
Godhra,IN,22.7755,73.6149,143644
Khemisset,MA,33.824,-6.0663,143640
Çanakkale,TR,40.1555,26.4127,143622
Torrance,US,33.8359,-118.3406,143592
Três Lagoas,BR,-20.7876,-51.7034,143523
San Jose,PH,12.3528,121.0676,143495
Ladysmith,ZA,-28.5587,29.779,143446
Lévis,CA,46.8033,-71.1779,143414
Cachoeirinha,BR,-23.4544,-46.6621,143366
Heidelberg,DE,49.4077,8.6908,143345
Fresnillo,MX,23.1749,-102.8679,143281
Touggourt,DZ,33.1108,6.07,143270
Shillong,IN,25.5689,91.8831,143229
Surprise,US,33.6306,-112.3332,143148
Norwich,GB,52.6278,1.2983,143135
Tịnh Biên,VN,10.5959,104.9367,143098
Moriguchi,JP,34.7333,135.5667,143096
Amiens,FR,49.9,2.3,143086
Cai Lậy,VN,10.4,106.1167,143050
Rewāri,IN,28.199,76.6183,143021
Basirhat City,IN,22.6614,88.8548,143007
Novyye Kuz’minki,RU,55.7,37.75,143000
Kuz’minki,RU,55.7,37.8,143000
Aalborg,DK,57.048,9.9187,142937
La Trinidad,PH,16.455,120.5875,142925
Ghardaïa,DZ,32.4909,3.6735,142913
Timika,ID,-4.6141,136.6768,142909
Pyatigorsk,RU,44.05,43.0504,142865
Teófilo Otoni,BR,-17.8575,-41.5053,142851
Mbanza-Ngungu,CD,-5.2584,14.8584,142773
Mercier–Hochelaga-Maisonneuve,CA,45.5719,-73.5463,142753
Okinawa,JP,26.3358,127.8014,142752
Middlesbrough,GB,54.5762,-1.2348,142707
Shahrisabz,UZ,39.0578,66.8342,142700
Moro,PK,26.6632,68.0002,142685
Ch’ŏngdan-ŭp,KP,37.9703,125.9375,142607
Sant Andreu,ES,41.4354,2.1898,142598
Rybnik,PL,50.0971,18.5418,142510
Saïda,DZ,34.8303,0.1517,142497
Metairie Terrace,US,29.9785,-90.164,142489
Tuzla,BA,44.5384,18.6671,142486
Kovpakivskyi,UA,50.9251,34.7948,142447
eMbalenhle,ZA,-26.5333,29.0667,142443
Trindade,BR,-16.6494,-49.4889,142431
Khanpur,PK,28.6474,70.6569,142426
Columbia,US,34.0007,-81.0348,142416
Nawābganj,BD,24.5903,88.2744,142361
Inezgane,MA,30.3554,-9.5364,142320
Puerto Cortez,HN,15.8256,-87.9297,142311
Pasadena,US,34.1478,-118.1445,142250
Toowoomba,AU,-27.5606,151.9539,142163
Paderborn,DE,51.7191,8.7544,142161
"Misato, Saitama",JP,35.8437,139.8835,142145
Chhatarpur,IN,24.9177,79.5887,142128
Kimberley,ZA,-28.7323,24.7623,142089
Alto Hospicio,CL,-20.2687,-70.1049,142086
Ciego de Ávila,CU,21.8422,-78.7603,142027
Samālūţ,EG,28.3121,30.7101,142009
Chertanovo Yuzhnoye,RU,55.5907,37.5952,142000
Jieshou,CN,33.2634,115.3611,141993
Maykop,RU,44.6079,40.1024,141970
Attock City,PK,33.7667,72.3598,141945
Kisaran,ID,2.9845,99.6158,141915
Mojokerto,ID,-7.4664,112.4338,141785
Facatativá,CO,4.8137,-74.3545,141762
Masai,MY,1.4907,103.8788,141730
Punto Fijo,VE,11.6915,-70.1992,141729
Myingyan,MM,21.46,95.3884,141713
Kamālshahr,IR,35.8619,50.8742,141669
Mandsaur,IN,24.0718,75.0699,141667
Zheleznodorozhnyy,RU,55.744,38.0168,141648
Chas,IN,23.6356,86.1671,141640
Jahrom,IR,28.5,53.5605,141634
Tours,FR,47.3948,0.704,141621
Pālanpur,IN,24.1713,72.4383,141592
Bondoukou,CI,8.0402,-2.8,141568
Chichicastenango,GT,14.9433,-91.1112,141567
Tarragona,ES,41.1191,1.2454,141542
Cachoeirinha,BR,-29.9511,-51.0939,141503
Tobruk,LY,32.0896,23.9538,141499
Sinch’ŏn-ŭp,KP,38.3532,125.4842,141407
Abbotsford,CA,49.058,-122.2526,141397
Circoiscrizione II,IT,45.0501,7.6405,141344
Bolton,GB,53.5833,-2.4333,141331
Yushu,CN,33.0012,97.0089,141308
Piteşti,RO,44.85,24.8667,141275
Fukayachō,JP,36.2,139.2833,141268
Potosí,BO,-19.5836,-65.7531,141251
Usera,ES,40.3887,-3.7003,141189
Limoges,FR,45.8336,1.2476,141176
Cangaiba,BR,-23.497,-46.5204,141172
Salto,BR,-23.2008,-47.2869,141111
Asaka,JP,35.8047,139.6019,141083
Ghazni,AF,33.5539,68.421,141000
Orange,US,33.7878,-117.8531,140992
Wola,PL,52.2348,20.96,140958
Sanhe,CN,29.8686,107.7303,140954
Īlām,IR,33.6374,46.4227,140940
Gongzhuling,CN,43.5007,124.8198,140909
Shimotoda,JP,35.815,139.6853,140899
Comodoro Rivadavia,AR,-45.8626,-67.494,140850
Kampung Sungai Ara,MY,5.327,100.2735,140849
Fullerton,US,33.8703,-117.9253,140847
Killeen,US,31.1171,-97.7278,140806
Norilsk,RU,69.3535,88.2027,140800
Lleida,ES,41.6167,0.6222,140797
Coimbra,PT,40.2069,-8.42,140796
Mtwara,TZ,-10.2667,40.1833,140793
Manjhand,PK,25.9083,68.2368,140766
Beni,CD,0.4911,29.4731,140731
Debre Mark’os,ET,10.35,37.7333,140700
Norzagaray,PH,14.9109,121.0493,140697
Qeładizê,IQ,36.1825,45.1302,140688
Vila Curuca,BR,-23.51,-46.4157,140673
Nigel,ZA,-26.4314,28.4771,140644
Shengavit,AM,40.1557,44.4779,140600
Catacamas,HN,14.8511,-85.8941,140548
Buea,CM,4.1534,9.2423,140533
Shuizhai,CN,23.9296,115.765,140493
Al’met’yevsk,RU,54.904,52.3179,140437
Paris 12e Arrondissement,FR,48.8352,2.435,140311
McAllen,US,26.2034,-98.23,140269
Lakhīmpur,IN,27.9482,80.7793,140223
Ishinomaki,JP,38.4167,141.3,140151
Mpumalanga,ZA,-29.8129,30.6365,140121
Mian Channun,PK,30.4407,72.3568,140112
Ji Paraná,BR,-10.8853,-61.9517,140101
Zaanstad,NL,52.4531,4.8136,140085
Kabin Buri,TH,13.9513,101.7174,140056
Kuwana,JP,35.0519,136.6696,140051
Ayacucho,PE,-13.1638,-74.2234,140033
Torbat-e Ḩeydarīyeh,IR,35.274,59.2195,140019
Shanhaiguan,CN,40.0012,119.754,140000
Chamartín,ES,40.4621,-3.6766,140000
Şaḩam,OM,24.1722,56.8886,140000
Abéché,TD,13.8292,20.8324,139983
Peristéri,GR,38.0154,23.6919,139981
Amersfoort,NL,52.155,5.3875,139914
Darwin,AU,-12.4611,130.8418,139902
Jeongeup,KR,35.6,126.917,139876
Bellevue,US,47.6104,-122.2007,139820
Korolev,RU,55.9142,37.8256,139798
Valsād,IN,20.6101,72.9343,139764
Shinyanga,TZ,-3.6639,33.4212,139727
Sollentuna,SE,59.428,17.9509,139606
Al Hindīyah,IQ,32.5419,44.2247,139578
Yaizu,JP,34.8688,138.3195,139578
Payakumbuh,ID,-0.2159,100.6334,139576
Damoh,IN,23.8331,79.4419,139561
Āsela,ET,7.95,39.1333,139500
Haldwani,IN,29.2225,79.5286,139497
Irewe,NG,6.4169,3.1406,139494
Batang,ID,-6.4846,110.7083,139492
Gbongan,NG,7.4773,4.3535,139485
Gama,BR,-16.0251,-48.0712,139467
Siem Reap,KH,13.3618,103.8606,139458
Anaco,VE,9.4296,-64.4643,139397
Purwodadi,ID,-7.0868,110.9158,139387
Koga,JP,36.1833,139.7167,139344
Yuepu,CN,31.4269,121.4214,139328
Hābra,IN,22.842,88.6561,139297
Sidoarjo,ID,-7.4478,112.7183,139189
Kyivskyi,UA,48.0465,37.7757,139177
Şabāḩ as Sālim,KW,29.2572,48.0572,139163
Balneário Camboriú,BR,-26.9906,-48.6347,139155
Plaza de la Revolución,CU,23.1194,-82.392,139135
Lausanne,CH,46.516,6.6328,139111
Choloma,HN,15.6144,-87.953,139100
Barcarena,BR,-1.5058,-48.6258,139076
Kairouan,TN,35.6781,10.0963,139070
Stockport,GB,53.4098,-2.1576,139052
Budapest XI. kerület,HU,47.476,19.036,139049
Huadian,CN,42.9721,126.7411,139047
Crato,BR,-7.2342,-39.4094,139027
Kousséri,CM,12.0769,15.0306,139024
Weru,ID,-6.711,108.5037,139004
Al-'Ubūr,EG,30.2289,31.4815,138987
Kolpino,RU,59.7507,30.5886,138979
Itapipoca,BR,-3.4944,-39.5786,138978
Conselheiro Lafaiete,BR,-20.6603,-43.7861,138946
Belgrano,AR,-34.5627,-58.4583,138942
Sarh,TD,9.1456,18.3833,138928
Gingoog,PH,8.8278,125.0997,138895
San Juan del Río,MX,20.389,-99.9964,138878
Sekondi-Takoradi,GH,4.9268,-1.7577,138872
Liuzhi,CN,26.2342,105.426,138826
Altamira,BR,-3.2033,-52.2064,138749
Naga,PH,10.209,123.758,138727
Fuyu,CN,45.1833,124.8167,138704
Wūdān,CN,42.9344,119.0239,138695
Vespasiano,BR,-19.6919,-43.9233,138583
Whitby,CA,43.8834,-78.9329,138501
Metairie,US,29.9841,-90.1529,138481
Chaohu,CN,31.6,117.8667,138463
Kolār,IN,13.1377,78.13,138462
Bizerte,TN,37.2744,9.8739,138430
Táriba,VE,7.8212,-72.2233,138402
Ejigbo,NG,7.903,4.3136,138357
Santa Cruz do Sul,BR,-29.7175,-52.4258,138270
Ksar El Kebir,MA,35.0004,-5.9038,138262
Paris 11 Popincourt,FR,48.8574,2.3795,138170
Dabou,CI,5.3256,-4.3769,138083
Bukit Panjang New Town,SG,1.3797,103.7647,138050
Sao Lucas,BR,-23.5947,-46.5436,138038
Paris 12 Reuilly,FR,48.8412,2.3876,138024
Bertoua,CM,4.5773,13.6846,137993
Jacmel,HT,18.2357,-72.5369,137966
Srikakulam,IN,18.2989,83.8975,137944
Candelaria,PH,13.9311,121.4233,137933
Araruama,BR,-22.8728,-42.3431,137906
Vĩnh Long,VN,10.2537,105.9722,137870
Praia,CV,14.9315,-23.5125,137868
Resende,BR,-22.4689,-44.4467,137697
Liangping,CN,30.6611,107.7661,137620
Kirdāsah,EG,30.031,31.1111,137588
Ponce,PR,18.0103,-66.624,137491
Doilungdêqên,CN,29.655,90.9918,137451
Jieshi,CN,22.8103,115.8306,137444
Hejiang,CN,28.8116,105.8336,137437
Pasir Puteh,MY,5.8333,102.4,137400
Mandya,IN,12.5223,76.8975,137358
Xiayang,CN,31.1497,121.1159,137321
Nor Nork,AM,40.1966,44.5669,137300
Dixinn,GN,9.5511,-13.6731,137287
Bhisho,ZA,-32.8472,27.4422,137287
Freguesia do Ó,BR,-23.4988,-46.6998,137240
Subang,ID,-6.57,107.7567,137234
Madhurampur Dehri,IN,24.969,84.1964,137231
Negombo,LK,7.2083,79.8358,137223
Irákleion,GR,35.3279,25.1434,137154
Hampton,US,37.0299,-76.3452,137148
Wuyishan,CN,27.7599,118.0307,137133
Miramar,US,25.9873,-80.2323,137132
Jiashan,CN,30.8492,120.9258,137112
Bilqās,EG,31.2145,31.358,137080
Rangkasbitung,ID,-6.3591,106.2494,137041
Odintsovo,RU,55.6698,37.2772,137041
Foggia,IT,41.4584,15.5519,137032
Antsiranana,MG,-12.3173,49.2919,136959
Kānchrāpāra,IN,22.96,88.4285,136954
San Juan Sacatepéquez,GT,14.7189,-90.6442,136886
Minoh,JP,34.8269,135.4706,136868
Funtua,NG,11.5235,7.3117,136811
St. Catharines,CA,43.1713,-79.2427,136803
Dawei,MM,14.0823,98.1915,136783
Igboho,NG,8.8378,3.7563,136764
Gunungsitoli,ID,1.2888,97.6143,136707
Apeldoorn,NL,52.21,5.9694,136670
Cidade Lider,BR,-23.562,-46.4913,136660
Marīvān,IR,35.5183,46.183,136654
Phủ Lý,VN,20.5453,105.9122,136654
Divo,CI,5.8374,-5.3572,136627
Huinong,CN,39.2333,106.7694,136570
Ebina,JP,35.3812,139.3965,136516
Larache,MA,35.1932,-6.1557,136505
Varginha,BR,-21.5514,-45.4303,136467
Paris 14 Observatoire,FR,48.8331,2.3264,136455
Van Nuys,US,34.1867,-118.449,136443
Būsh,EG,29.1482,31.1273,136441
Mlolongo,KE,-1.3964,36.9403,136351
Guarapari,BR,-20.6718,-40.502,136311
Tương Mai,VN,20.9888,105.8552,136292
San José del Cabo,MX,23.0541,-109.7037,136285
West Valley City,US,40.6916,-112.0011,136208
Kisarazu,JP,35.3833,139.9325,136166
Gejiu,CN,23.3608,103.1537,136135
Bacău,RO,46.5672,26.9138,136087
Saaba,BF,12.3714,-1.4147,136011
Mingaladon,MM,16.9241,96.0977,136000
Dimāpur,IN,25.9117,93.7217,135860
Sasolburg,ZA,-26.8136,27.8169,135828
Cheras,MY,3.108,101.726,135823
Tasek Glugor,MY,5.4803,100.4985,135786
Osorno,CL,-40.574,-73.1335,135773
Jiagedaqi,CN,50.4167,124.1167,135760
Araras,BR,-22.3569,-47.3842,135744
Tumxuk,CN,39.8698,79.0612,135727
Kushtia,BD,23.9028,89.1194,135724
Pitalito,CO,1.8537,-76.0507,135711
Baliuag,PH,14.9547,120.8969,135679
Hoàn Kiếm,VN,21.0286,105.8506,135618
Kajansi,UG,0.2155,32.5345,135600
Isahaya,JP,32.8411,130.0431,135546
Dayton,US,39.7589,-84.1916,135512
Cẩm Phả Mines,VN,21.0167,107.3,135477
Petapa,GT,14.5019,-90.562,135447
Māler Kotla,IN,30.5309,75.8795,135424
Buguma,NG,4.7361,6.8624,135404
Itaituba,BR,-4.2761,-55.9836,135369
Ahuntsic-Cartierville,CA,45.5667,-73.6667,135336
Shiqiao,CN,22.9464,113.3577,135308
Pyay,MM,18.82,95.2156,135308
Rabak,SD,13.1809,32.74,135281
Tây Ninh,VN,11.31,106.0983,135254
Le Vieux-Longueuil,CA,45.5372,-73.5077,135218
Tyre,LB,33.2733,35.1939,135204
Kutaisi,GE,42.2679,42.6946,135201
Andīmeshk,IR,32.4615,48.3537,135116
Siwān,IN,26.221,84.3561,135066
Madrid,CO,4.7325,-74.2642,135000
Angono,PH,14.5266,121.1536,134975
Cartago,CO,4.7464,-75.9117,134972
Shahreẕā,IR,32.0088,51.8641,134952
Hinthada,MM,17.6494,95.457,134947
Apucarana,BR,-23.5508,-51.4608,134910
Cap-Haïtien,HT,19.7594,-72.1981,134815
Baturaja,ID,-4.1289,104.1669,134759
Inazawa,JP,35.25,136.7833,134751
Rodriguez,PH,14.7601,121.1999,134432
Kalol,IN,23.2466,72.4951,134426
Mīāndoāb,IR,36.9667,46.1096,134425
São Mateus,BR,-18.7201,-39.8589,134423
Laghouat,DZ,33.8,2.8651,134372
Nevinnomyssk,RU,44.6333,41.9444,134345
San Mateo,PH,14.6982,121.1236,134327
Ţahţā,EG,26.7687,31.502,134314
San Juan,PH,14.6,121.0333,134312
Sibiu,RO,45.8,24.15,134309
Olathe,US,38.8814,-94.8191,134305
El Geneina Fort,SD,13.4748,22.4574,134264
Ikirun,NG,7.9128,4.6674,134240
Shenglilu,CN,29.3505,105.8775,134218
San Nicolás de los Arroyos,AR,-33.3342,-60.2108,134217
Léogâne,HT,18.5111,-72.6334,134190
Vila Jacui,BR,-23.5026,-46.4616,134189
Adiwerna,ID,-6.9375,109.1325,134188
Cametá,BR,-2.2444,-49.4958,134184
Al Qurnah,IQ,31.0155,47.4336,134174
Abakaliki,NG,6.3248,8.1137,134102
Vitória de Santo Antão,BR,-8.1181,-35.2914,134084
Marianao,CU,23.0739,-82.4297,134057
Warren,US,42.4904,-83.013,134056
Cizre,TR,37.3302,42.1848,134041
Circoiscrizione VIII,IT,45.0379,7.6717,134028
Bānkura,IN,23.2324,87.0716,133966
İnegol,TR,40.0781,29.5133,133959
Ebetsu,JP,43.1081,141.5506,133953
Anyama,CI,5.4946,-4.0518,133905
Jiawang,CN,34.4328,117.4419,133861
Singaraja,ID,-8.112,115.0882,133784
Pātan,IN,23.8507,72.1296,133737
Würzburg,DE,49.7939,9.9512,133731
Barysaw,BY,54.2279,28.505,133700
Đồng Hới,VN,17.4688,106.6223,133672
Randfontein,ZA,-26.1844,27.702,133654
Pervouralsk,RU,56.9053,59.9436,133600
Gondā City,IN,27.1318,81.9533,133583
Madīnat Ḩamad,BH,26.1153,50.5069,133550
Ōme,JP,35.7839,139.2431,133535
Sinnūris,EG,29.4135,30.8658,133532
Votorantim,BR,-23.5467,-47.4378,133510
Milagro,EC,-2.134,-79.5934,133508
Jaú,BR,-22.2964,-48.5578,133497
Thornton,US,39.868,-104.9719,133451
Valdivia,CL,-39.8142,-73.2459,133419
Olmaliq,UZ,40.8447,69.5983,133400
Okrika,NG,4.7421,7.0837,133271
High Wycombe,GB,51.6291,-0.7493,133204
Carrollton,US,32.9537,-96.8903,133168
Talisay,PH,10.2447,123.8494,133148
Gao,ML,16.2717,-0.0447,133110
Dhaulpur,IN,26.6929,77.8797,133075
Tarime,TZ,-1.35,34.3667,133043
Kentron,AM,40.1781,44.513,133000
Milton,CA,43.5168,-79.8829,132979
M'Sila,DZ,35.7089,4.5372,132975
Narita,JP,35.7833,140.3167,132906
Franceville,GA,-1.6333,13.5836,132895
Puqi,CN,29.7167,113.8833,132891
Tondabayashichō,JP,34.5007,135.6021,132873
Sandachō,JP,34.8844,135.2269,132858
Gondiā,IN,21.4603,80.192,132813
Dunedin,NZ,-45.8742,170.5036,132800
Kislovodsk,RU,43.9133,42.7208,132771
Kyauktan,MM,16.6374,96.3251,132765
Schaerbeek,BE,50.8693,4.3774,132761
Hoofddorp,NL,52.3025,4.6889,132734
Machiques,VE,10.0608,-72.5521,132734
Palakkad,IN,10.7732,76.6537,132728
Silifke,TR,36.3778,33.9344,132665
Charleston,US,32.7763,-79.9327,132609
Langley,CA,49.1011,-122.6588,132603
Midland,US,31.9974,-102.0779,132524
Fujinomiya,JP,35.2167,138.6167,132507
Mingala Tangnyunt,MM,16.7886,96.1723,132494
Innsbruck,AT,47.2627,11.3945,132493
Bragança,BR,-1.0536,-46.7656,132489
Kingston,CA,44.2298,-76.481,132485
Wugang,CN,26.7279,110.632,132457
Gloucester,GB,51.8657,-2.2431,132416
Waco,US,31.5493,-97.1467,132356
Cerro,CU,23.1079,-82.3836,132351
Zama,JP,35.4879,139.391,132325
Manokwari,ID,-0.8629,134.064,132300
Valinhos,BR,-22.9706,-46.9958,132258
Dimitrovgrad,RU,54.2139,49.6184,132226
Zhalantun,CN,48.0095,122.7365,132224
Bettiah,IN,26.8023,84.5031,132209
Maijdi,BD,22.8667,91.1,132185
São Félix do Xingu,BR,-6.6447,-51.995,132138
San Pedro Garza García,MX,25.6616,-100.4034,132128
Sapucaia do Sul,BR,-29.8178,-51.1455,132107
Kombolcha,ET,11.0816,39.7434,132100
Muricay,PH,7.8275,123.4782,132094
Sterling Heights,US,42.5803,-83.0302,132052
Surat Thani,TH,9.1401,99.3331,132040
Fürth,DE,49.4759,10.9886,132036
Ferrara,IT,44.838,11.6206,132009
Quận Đức Thịnh,VN,10.3099,105.7386,132000
Isidro Casanova,AR,-34.7,-58.5874,131981
Ōmuta,JP,33.0333,130.45,131974
Villa Mercedes,CL,-37.4042,-71.9795,131936
Fuji,CN,29.1482,105.3739,131927
Palwal,IN,28.1447,77.3255,131926
Bielany,PL,52.2924,20.9353,131910
Dawukou,CN,39.0419,106.3958,131880
Bulaon,PH,15.0826,120.6629,131818
Garut,ID,-7.245,107.921,131809
Ajdabiya,LY,30.7554,20.2263,131773
Abiko,JP,35.8667,140.0167,131771
Kadoma,JP,34.7381,135.5744,131727
Majie,CN,25.0319,102.638,131696
Bhakkar,PK,31.6269,71.0647,131658
Rio Pequeno,BR,-23.5714,-46.7589,131631
Kāshmar,IR,35.2383,58.4656,131517
Jijel,DZ,36.821,5.7635,131513
Martapura,ID,-3.4109,114.8642,131449
Villeurbanne,FR,45.766,4.8795,131445
Hải Châu,VN,15.9167,108.1333,131427
Limbe,CM,4.0236,9.2061,131381
Rānīganj,IN,23.6164,87.1306,131261
Hepo,CN,23.4308,115.8299,131238
Iranshahr,IR,27.2024,60.6848,131232
Soubré,CI,5.7838,-6.5939,131181
Onomichi,JP,34.4167,133.2,131170
Denton,US,33.2148,-97.1331,131044
Etah,IN,27.5588,78.6569,131023
Pīlibhīt,IN,28.6312,79.8044,131008
Shangzhi,CN,45.2056,128.0024,131006
Lashio,MM,22.9359,97.7498,131000
Rayon KhTZ,UA,49.9435,36.3696,131000
Novomoskovsk,RU,54.011,38.2908,130982
Matsubara,JP,34.5667,135.55,130855
Abengourou,CI,6.7297,-3.4964,130810
Al Bāb,SY,36.3705,37.5157,130745
Shuangcheng,CN,45.3798,126.3071,130710
Exeter,GB,50.7236,-3.5275,130709
Circoiscrizione III,IT,45.0628,7.6307,130709
Ho,GH,6.6008,0.4713,130701
Narowal,PK,32.102,74.873,130692
Lào Cai,VN,22.4856,103.9707,130671
Al Ajaylat,LY,32.7572,12.3763,130546
Udon Thani,TH,17.4157,102.7859,130531
Baḥarkah,IQ,36.3156,44.0353,130518
Bayan Lepas,MY,5.2999,100.2605,130455
Petrogradka,RU,59.9657,30.3115,130455
Rajapalayam,IN,9.453,77.5533,130442
Zipaquirá,CO,5.0221,-74.0048,130432
Jīroft,IR,28.6781,57.7406,130429
Cedar Rapids,US,42.0083,-91.6441,130405
Dongyang,CN,29.2678,120.2253,130387
Nantou,CN,22.7217,113.2926,130370
Botad,IN,22.1692,71.6667,130327
Nablus,PS,32.2211,35.2544,130326
New Haven,US,41.3081,-72.9282,130322
Arcahaie,HT,18.7702,-72.5123,130306
Jiazi,CN,22.8793,116.0732,130298
Foumban,CM,5.7266,10.8986,130287
Roseville,US,38.7521,-121.288,130269
Quilpué,CL,-33.0475,-71.4425,130263
Rawson,AR,-31.5819,-68.5421,130258
Sīdī Ḥusayn,TN,36.7558,10.1183,130255
Kati,ML,12.7441,-8.0726,130254
Seri Kembangan,MY,3.0333,101.7167,130252
Kembangan,SG,1.3223,103.9113,130252
Colchester,GB,51.8892,0.9042,130245
Umeå,SE,63.8284,20.2597,130224
Din Daeng,TH,13.7904,100.5701,130220
Chaman,PK,30.9177,66.4526,130139
Sennar,SD,13.5691,33.5672,130122
Masaya,NI,11.9732,-86.0959,130113
Visalia,US,36.3302,-119.2921,130104
Nankana Sahib,PK,31.4501,73.7065,130041
Caála,AO,-12.8525,15.5606,130000
Sonārgaon,BD,23.65,90.6167,130000
Tottenham,GB,51.6037,-0.0679,130000
Zugló,HU,47.5176,19.1055,130000
Aley,LB,33.8053,35.6,130000
San Martin,PE,-5.1859,-80.6693,130000
Tychy,PL,50.1372,18.9664,130000
Ramenki,RU,55.7,37.5,130000
Wuda,CN,39.4994,106.7117,129922
Cambridge,CA,43.3601,-80.3127,129920
Mardin,TR,37.3131,40.7436,129864
Pingxiang,CN,22.0969,106.7567,129843
Zwolle,NL,52.5125,6.0944,129840
Baidoa,SO,3.1138,43.6498,129839
Sầm Sơn,VN,19.7333,105.9,129801
Santo António,CN,22.2021,113.5439,129800
Salford,GB,53.4877,-2.2904,129794
Mandi Bahauddin,PK,32.587,73.4912,129733
Tokat,TR,40.3139,36.5544,129702
Erebuni,AM,40.1331,44.5301,129700
Ô Môn,VN,10.1097,105.6232,129683
Gapan,PH,15.3072,120.9464,129610
Deoria,IN,26.5017,83.7794,129570
Bayambang,PH,15.8127,120.4557,129506
Mianwali,PK,32.5776,71.5285,129500
Coral Springs,US,26.2712,-80.2706,129485
Sherbrooke,CA,45.4001,-71.8991,129447
Al Bayḑā’,LY,32.7627,21.7551,129439
Jardim Helena,BR,-23.4837,-46.4131,129409
Sabará,BR,-19.8864,-43.8067,129380
Acilia-Castel Fusano-Ostia Antica,IT,41.7634,12.3308,129362
Charlottenburg,DE,52.5167,13.2833,129359
Thousand Oaks,US,34.1706,-118.8376,129339
Columbia,US,38.9517,-92.3341,129330
Colatina,BR,-19.5394,-40.6306,129301
Győr,HU,47.6833,17.6351,129301
Copiapó,CL,-27.3674,-70.3322,129280
Kokubunji,JP,35.7022,139.4756,129242
Quibdó,CO,5.6919,-76.6583,129237
Guelmim,MA,28.987,-10.0574,129200
Charallave,VE,10.2425,-66.8572,129182
Shahr-e Kord,IR,32.3261,50.8572,129153
Malambo,CO,10.8595,-74.7739,129148
Tatuí,BR,-23.3556,-47.8569,129130
Iwakuni,JP,34.163,132.22,129125
Leiyang,CN,26.4024,112.8591,129116
Białołeka,PL,52.3213,20.972,129106
Cadiz,PH,10.9465,123.288,129053
Carnot,CF,4.9427,15.8773,129032
Bat Yam,IL,32.0238,34.7518,129012
Zacatecas,MX,22.7684,-102.5814,129011
Elizabeth,US,40.664,-74.2107,129007
Zyablikovo,RU,55.6167,37.7667,129000
Daur,PK,26.4553,68.3183,128958
Bingöl,TR,38.8847,40.4939,128935
Copacabana,BR,-22.969,-43.1856,128919
Sātkhira,BD,22.7082,89.0718,128918
Parung,ID,-6.4214,106.7331,128905
Palo Negro,VE,10.1739,-67.5419,128875
Stamford,US,41.0534,-73.5387,128874
Idlib,SY,35.9306,36.6339,128840
Moanda,CD,-5.9275,12.3715,128804
Sīnah,IQ,36.8085,43.0393,128776
Ōsaki,JP,38.5887,140.973,128763
Magelang,ID,-7.4706,110.2178,128709
Concord,US,37.978,-122.0311,128667
Leiria,PT,39.7436,-8.8071,128640
Puno,PE,-15.84,-70.022,128637
Kamyshin,RU,50.0885,45.4128,128626
Shuanglonghu,CN,29.7162,106.6068,128563
Nimach,IN,24.4595,74.8662,128561
Kafr ad Dawwār,EG,31.1338,30.1297,128539
Águas Claras,BR,-15.8397,-48.0267,128486
Bosque Saúde,BR,-23.6093,-46.623,128469
Novocheboksarsk,RU,56.111,47.4776,128468
Besançon,FR,47.2488,6.0182,128426
Lugazi,UG,0.3679,32.9376,128400
Thành phố Sông Công,VN,21.4772,105.8414,128357
Rosario,PH,13.6323,121.2207,128352
Khardah,IN,22.7186,88.3781,128346
Sakakah,SA,29.9697,40.2064,128332
Khenifra,MA,32.9349,-5.6617,128318
Al Manāqil,SD,14.2459,32.9891,128297
Rustavi,GE,41.5627,44.9787,128249
Jose Bonifacio,BR,-23.5674,-46.4326,128243
Manzanillo,CU,20.3424,-77.1193,128188
Yavatmāl,IN,20.3932,78.132,128175
Hālīsahar,IN,22.9322,88.4186,128172
Serpukhov,RU,54.9198,37.4162,128158
Rionegro,CO,6.1551,-75.3737,128153
Shache,CN,38.4167,77.2406,128145
Siheungdong,KR,37.4518,126.9108,128142
Khanna,IN,30.7055,76.222,128137
Koidu,SL,8.6439,-10.9714,128030
Norman,US,35.2226,-97.4395,128026
Mosquera,CO,4.7059,-74.2302,128012
Orekhovo-Borisovo Severnoye,RU,55.6167,37.6833,128000
Ivanovskoye,RU,55.7667,37.8333,128000
Bento Gonçalves,BR,-29.1714,-51.5192,127977
Buôn Hồ,VN,12.9523,108.2962,127920
Chũ,VN,21.3738,106.5665,127881
Västerås,SE,59.6162,16.5528,127799
Seto,JP,35.2333,137.1,127792
Alhambra,US,33.4984,-112.1343,127764
Titāgarh,IN,22.7425,88.3733,127751
Newcastle under Lyme,GB,53.0,-2.2333,127727
Opole,PL,50.6712,17.926,127676
Worcester,ZA,-33.6465,19.4485,127597
Elbląg,PL,54.1522,19.4088,127558
Gaojing,CN,31.3223,121.4751,127512
Sirajganj,BD,24.4577,89.708,127481
Jequié,BR,-13.8588,-40.0851,127475
Płock,PL,52.5468,19.7064,127474
Siguatepeque,HN,14.5969,-87.831,127468
Wałbrzych,PL,50.7714,16.2843,127431
Yevlakh,AZ,40.6183,47.1501,127400
Mykilska Borshchahivka,UA,50.4264,30.3744,127400
Al Manzalah,EG,31.1582,31.936,127394
Wau,SS,7.7011,27.9897,127384
Songnan,CN,31.3504,121.4822,127347
Södermalm,SE,59.3128,18.0758,127323
Athens,US,33.9609,-83.3779,127315
Amaigbo,NG,5.7892,7.8383,127300
Vila Mariana,BR,-23.5883,-46.6346,127286
Chiang Mai,TH,18.7904,98.9847,127240
Lafia,NG,8.4939,8.5153,127236
Jiangyou,CN,31.7667,104.7167,127225
Cikampek,ID,-6.4197,107.4558,127173
Mustafābād,IN,28.7197,77.2678,127167
Tengyue,CN,24.9949,98.5128,127133
Shajing,CN,22.7463,113.819,127089
Jinfeng,CN,28.2385,116.6005,127076
Sancti Spíritus,CU,21.9343,-79.4398,127069
Mataró,ES,41.5421,2.4445,126988
Barretos,BR,-20.5572,-48.5678,126957
Kent,US,47.3809,-122.2348,126952
Pakokku,MM,21.3349,95.0844,126938
Murom,RU,55.5685,42.0239,126931
Daska Kalan,PK,32.3242,74.3504,126924
Sertãozinho,BR,-21.1378,-47.9903,126887
Hāthras,IN,27.5955,78.052,126882
Pulong Santa Cruz,PH,14.2732,121.0764,126844
Klaten,ID,-7.7058,110.6064,126831
Khasavyurt,RU,43.2487,46.5857,126829
Neftekamsk,RU,56.0888,54.2638,126805
Villaverde,ES,40.35,-3.7,126802
Simi Valley,US,34.2694,-118.7815,126788
Bayawan,PH,9.3649,122.804,126744
Shakargarh,PK,32.2636,75.1601,126742
Jorhat,IN,26.7575,94.2031,126736
Santa Cruz,PH,14.6,120.9833,126735
La Victoria,VE,10.2268,-67.3312,126721
Pakpattan,PK,30.3431,73.3894,126706
Jingzhi,CN,36.31,119.3875,126703
Danshui,CN,22.7984,114.4672,126701
Circoiscrizione V,IT,45.1015,7.6554,126666
Solihull,GB,52.4143,-1.7809,126577
East Los Angeles,US,34.0239,-118.172,126496
Lalitpur,IN,24.6901,78.4192,126475
Jombang,ID,-7.546,112.2331,126465
Maxixe,MZ,-23.8597,35.3472,126408
Nakhon Ratchasima,TH,14.9707,102.102,126391
Chinandega,NI,12.6295,-87.1313,126387
Al Jadīd,LY,27.05,14.4,126386
Lambaré,PY,-25.3468,-57.6065,126377
Macheng,CN,31.1801,115.0221,126366
Iizuka,JP,33.6365,130.6868,126364
Hua Hin,TH,12.5707,99.9588,126355
San Carlos del Zulia,VE,9.001,-71.9268,126353
Vilkhivskyi,UA,48.5433,39.282,126340
Rafaḩ,PS,31.2972,34.2436,126305
Ampang,MY,3.15,101.7667,126285
Guntakal,IN,15.1711,77.3624,126270
Ālā'ĕr,CN,40.5418,81.2657,126259
Santa Clara,US,37.3541,-121.9552,126215
Pithampur,IN,22.602,75.6965,126200
Paseh,ID,-7.068,107.794,126181
Mothīhāri,IN,26.6486,84.9166,126158
Koganei,JP,35.7001,139.5111,126074
Retiro,ES,40.4132,-3.6831,126058
Nossa Senhora de Fátima,CN,22.2077,113.5483,126000
Sunset Park,US,40.6455,-74.0124,126000
Topeka,US,39.0483,-95.678,125963
Orléans,CA,45.4573,-75.5043,125937
Paek'ak,KP,39.4627,125.6059,125924
Huicheng,CN,23.0385,116.2899,125919
Puerto Ayacucho,VE,5.6605,-67.5834,125840
Gashua,NG,12.874,11.0406,125817
Les Cayes,HT,18.192,-73.7495,125799
Salerno,IT,40.6754,14.7933,125797
Savannakhet,LA,16.5703,104.7622,125760
Munūf,EG,30.466,30.932,125707
Watford,GB,51.6553,-0.396,125707
Guará,BR,-15.8098,-47.972,125703
Giresun,TR,40.917,38.3874,125682
Xiazhen,CN,34.8022,117.1117,125667
Chaeryŏng-ni,KP,38.7358,125.2308,125631
Kastamonu,TR,41.3781,33.7753,125622
Kanhangad,IN,12.3081,75.1063,125564
‘Ajlūn,JO,32.3333,35.7528,125557
Derince,TR,40.7569,29.8147,125485
Sukawati,ID,-8.4913,115.0459,125470
Jagdalpur,IN,19.0814,82.0213,125463
Kuopio,FI,62.8924,27.677,125462
Bang Sue,TH,13.8109,100.5306,125440
Mailsi,PK,29.8012,72.174,125431
Los Ángeles,CL,-37.4697,-72.3537,125430
Haimen,CN,23.1935,116.6122,125427
Karabük,TR,41.2049,32.6277,125403
Ntuzuma,ZA,-29.739,30.949,125394
Tsuruoka,JP,38.7217,139.8217,125389
Saint Peters,GB,51.3667,1.4167,125370
Barbacena,BR,-21.2258,-43.7736,125317
Uruma,JP,26.3761,127.8591,125303
Debre Tabor,ET,11.85,38.0167,125300
Sakiet ed Daier,TN,34.7944,10.8062,125204
Nzega,TZ,-4.2167,33.1833,125193
Abilene,US,32.4487,-99.7331,125182
Ban Samae Dam,TH,13.5896,100.3873,125133
Shahecheng,CN,36.9383,114.5058,125132
Kumbo,CM,6.2,10.6667,125124
Ottawa South,CA,45.3921,-75.6873,125090
Willemstad,CW,12.1225,-68.8864,125000
Bălţi,MD,47.7629,27.9285,125000
Dokri,PK,27.3742,68.0971,125000
Tyoply Stan,RU,55.6205,37.4934,125000
Az Zulfī,SA,26.2995,44.8154,125000
Sultan Kudarat,PH,7.2289,124.2578,124965
Bet Shemesh,IL,31.7307,34.9929,124957
Jagādhri,IN,30.1672,77.3037,124894
Huixquilucan,MX,19.3599,-99.3502,124846
Arapongas,BR,-23.4194,-51.4244,124838
Semnan,IR,35.5769,53.392,124826
León,ES,42.6,-5.5703,124772
San Francisco de Macorís,DO,19.2938,-70.2528,124763
Yushu,CN,44.8275,126.5406,124736
Yuanlin,TW,23.9567,120.5761,124725
Santa Tecla,SV,13.6774,-89.2833,124694
Sorriso,BR,-12.5453,-55.7114,124665
Ciudad Valles,MX,21.9963,-99.0109,124644
Ouahigouya,BF,13.5769,-2.4179,124587
Poblacion,PH,14.3787,121.025,124554
Kashihara-shi,JP,34.509,135.7929,124521
Ashmūn,EG,30.2974,30.9764,124483
Ağrı,TR,39.7147,43.0401,124483
Leeuwarden,NL,53.2027,5.8097,124481
Bến Tre,VN,10.2415,106.3758,124449
Monza,IT,45.58,9.2725,124398
New Mirpur City,PK,33.1478,73.7519,124352
Chía,CO,4.8588,-74.0587,124309
Olanchito,HN,15.4813,-86.5742,124286
Koreatown,US,34.0578,-118.3009,124281
Targówek,PL,52.2918,21.0484,124279
Lecheng,CN,25.128,113.3504,124268
Nancun,CN,36.5328,120.1339,124210
Marand,IR,38.4329,45.7749,124191
As Sinbillāwayn,EG,30.8825,31.4627,124020
Crawley,GB,51.113,-0.1831,124008
Rudnyy,KZ,52.9724,63.1106,124000
Magangué,CO,9.242,-74.7547,123982
Itaguaí,BR,-22.8522,-43.7753,123980
Bemowo,PL,52.2546,20.9084,123932
Metz,FR,49.1191,6.1727,123914
Jiupu,CN,41.0667,122.95,123843
Dārjiling,IN,27.0333,88.2667,123797
Baoshan,CN,46.5747,131.3932,123791
Salvaleón de Higüey,DO,18.615,-68.708,123787
Butanta,BR,-23.5702,-46.7263,123748
Thaton,MM,16.9187,97.37,123727
Budapest III. kerület,HU,47.5416,19.045,123723
Kurichchi,IN,10.9609,76.9738,123667
Lumajang,ID,-8.1335,113.2248,123626
Ise,JP,34.4833,136.7,123533
Hagonoy,PH,14.8341,120.7327,123531
Samandağ,TR,36.0801,35.976,123447
Caraguatatuba,BR,-23.6203,-45.4131,123389
Birigui,BR,-21.2886,-50.34,123340
Pinsk,BY,52.1215,26.0673,123283
Telde,ES,27.9924,-15.4192,123265
Indramayu,ID,-6.3264,108.32,123263
Relizane,DZ,35.7373,0.556,123255
Bordj el Kiffan,DZ,36.7487,3.1925,123246
Manas,KG,40.945,72.9931,123239
Kirishima,JP,31.7409,130.7629,123205
Orizaba,MX,18.8519,-97.0996,123182
Luoyang,CN,23.1624,114.2734,123144
Toba Tek Singh,PK,30.9713,72.4827,123102
Honmachi,JP,32.5044,130.5995,123067
Wolfsburg,DE,52.4245,10.7815,123064
Umuarama,BR,-23.7664,-53.325,123059
Niihama,JP,33.9605,133.3052,123059
Jiaohe,CN,43.7213,127.3347,123018
Igarassu,BR,-7.8342,-34.9064,123017
Tsaritsyno,RU,55.6254,37.6503,123000
Dos Hermanas,ES,37.2829,-5.9209,122943
Ajapnyak,AM,40.1992,44.4706,122800
Tabuk,PH,17.4738,121.468,122771
Tabuk,PH,17.4084,121.2785,122771
Dam Dam,IN,22.6334,88.4229,122719
Hoima,UG,1.4331,31.3524,122700
Az Zubayr,IQ,30.3921,47.7017,122676
Schöneberg,DE,52.498,13.3443,122658
Beppu,JP,33.2794,131.4975,122643
Hardoī,IN,27.3949,80.1316,122635
Behbahān,IR,30.5959,50.2417,122604
Itatiba,BR,-23.0058,-46.8389,122581
Huangzhou,CN,30.45,114.8,122563
Sheepshead Bay,US,40.5912,-73.9446,122534
Puruliya,IN,23.3306,86.363,122533
Ubon Ratchathani,TH,15.2384,104.8487,122533
Virginia,ZA,-28.1039,26.8659,122502
Brits,ZA,-25.6347,27.7802,122497
Recklinghausen,DE,51.6138,7.1974,122438
Xiulin,CN,29.7167,112.4,122411
Zhoucun,CN,36.8167,117.8167,122402
Cherkessk,RU,44.2238,42.0462,122395
Haveli Lakha,PK,30.451,73.6937,122389
Maastricht,NL,50.8483,5.6889,122378
Amherst,US,42.9784,-78.7998,122366
Tekirdağ,TR,40.9781,27.511,122287
Shahr-e Ṣadrā,IR,29.7997,52.5022,122226
Victorville,US,34.5361,-117.2912,122225
Burton upon Trent,GB,52.8073,-1.6426,122199
Calumpit,PH,14.9164,120.7658,122187
Lat Phrao,TH,13.8034,100.607,122182
Livoberezhnyi,UA,47.1093,37.6431,122175
Göttingen,DE,51.5344,9.9323,122149
Titiwangsa,MY,3.1782,101.7031,122096
Phasi Charoen,TH,13.7147,100.4369,122070
Veshnyaki,RU,55.7239,37.8195,122000
Presnenskiy,RU,55.7589,37.5582,122000
Zābol,IR,31.0306,61.4949,121989
Kaya,BF,13.0883,-1.0837,121970
Xiangcheng,CN,25.4669,100.5625,121959
Dharmavaram,IN,14.4144,77.7203,121874
Gokalpur,IN,28.7029,77.2896,121870
Ādīgrat,ET,14.277,39.462,121800
Kotamobagu,ID,0.7419,124.3121,121756
Carora,VE,10.1728,-70.081,121741
Vallejo,US,38.1041,-122.2566,121692
Bhadreswar,IN,22.8245,88.3384,121662
Dorūd,IR,33.4922,49.0616,121638
Bern,CH,46.9481,7.4474,121631
San Pedro de la Paz,CL,-36.839,-73.1003,121631
Nagaon,IN,26.35,92.6667,121628
Lahti,FI,60.9827,25.6615,121622
Vejalpur,IN,22.6902,73.563,121610
Longshui,CN,29.5656,105.7621,121609
Siracusa,IT,37.0754,15.2866,121605
Mubende,UG,0.5585,31.3949,121600
Stara Zagora,BG,42.432,25.6426,121582
Ondjiva,AO,-17.0667,15.7333,121537
Alberton,ZA,-26.2679,28.1223,121536
Gràcia,ES,41.4024,2.1564,121502
Chikmagalūr,IN,13.3223,75.774,121484
Ekibastuz,KZ,51.7237,75.3229,121470
Algeciras,ES,36.1333,-5.4505,121414
Lafayette,US,30.2241,-92.0198,121374
Lianhe,CN,47.1333,129.2743,121367
Chico,US,39.7285,-121.8375,121345
Bhadrak,IN,21.0545,86.5156,121338
Bagé,BR,-31.3314,-54.1069,121335
North Stamford,US,41.1382,-73.5435,121230
Bergamo,IT,45.696,9.6672,121200
Ruse,BG,43.8487,25.9534,121168
Sawai Madhopur,IN,26.023,76.3441,121106
Chơn Thành,VN,11.4282,106.6354,121083
Ambikāpur,IN,23.1189,83.1954,121071
Eunápolis,BR,-16.3775,-39.5803,121067
Apalit,PH,14.9533,120.77,121057
Hartford,US,41.7637,-72.6851,121054
Bukittinggi,ID,-0.3091,100.3705,121028
Dolisie,CG,-4.1983,12.6666,121000
Zyuzino,RU,55.6561,37.5685,121000
Ejido,VE,8.5466,-71.2409,120978
Berkeley,US,37.8716,-122.2728,120972
Xilin Hot,CN,43.9667,116.0333,120965
Nova Lima,BR,-19.9856,-43.8467,120959
Plaridel,PH,14.8872,120.8572,120939
West Palm Beach,US,26.7153,-80.0534,120932
Kashiwara,JP,34.45,135.7667,120922
Uruguaiana,BR,-29.7547,-57.0883,120819
Ikoma,JP,34.6833,135.7,120741
Heilbronn,DE,49.1399,9.2205,120733
El Mourouj,TN,36.7136,10.2096,120732
Ţūz Khūrmātū,IQ,34.8881,44.6326,120712
Trento,IT,46.0679,11.1211,120709
Shahdad Kot,PK,27.8473,67.9068,120687
Catchiungo,AO,-12.566,16.2259,120677
Ingolstadt,DE,48.7651,11.4237,120658
Toa Payoh New Town,SG,1.3361,103.85,120650
Lichuan,CN,30.3,108.85,120587
Bukit Bintang,MY,3.1466,101.7102,120529
Fengcheng,CN,40.4536,124.0717,120514
La Concepción,VE,10.6192,-71.8381,120478
Ulm,DE,48.3984,9.9916,120451
Mandoli,IN,28.7028,77.31,120417
San Carlos,VE,9.6641,-68.5866,120375
Włocławek,PL,52.6482,19.0678,120339
Allentown,US,40.6084,-75.4902,120207
Satara,IN,17.6859,73.9933,120195
Bao'an Centre,CN,22.5795,113.9163,120170
Charsadda,PK,34.1482,71.7406,120170
Fernando de la Mora,PY,-25.3386,-57.5217,120167
Chūru,IN,28.3041,74.9672,120157
Perugia,IT,43.1122,12.3888,120137
Gangāpur,IN,26.4725,76.7174,120115
Zhujing,CN,30.901,121.1597,120084
Bồ Đề,VN,21.0562,105.8667,120028
Guelma,DZ,36.4621,7.4261,120004
International City,AE,25.1638,55.4099,120000
Dubai Marina,AE,25.0852,55.1465,120000
Zhaoyuan,CN,37.365,120.41,120000
Nabatîyé et Tahta,LB,33.3789,35.4839,120000
Rustaq,OM,23.3908,57.4244,120000
Solntsevo,RU,55.6371,37.3811,120000
Orekhovo-Zuyevo,RU,55.8124,38.9915,120000
Gereida,SD,11.2754,25.1403,120000
Cabudwaaq,SO,6.2458,46.2247,120000
Cheremushky,UA,46.4325,30.7115,120000
Madhyapur Thimi,NP,27.6806,85.3875,119955
Saint-Louis-de-Terrebonne,CA,45.702,-73.7867,119944
Evansville,US,37.9748,-87.5559,119943
Bonon,CI,6.9268,-6.0489,119938
Bottrop,DE,51.5239,6.9285,119909
Ghotki,PK,28.0044,69.3157,119879
Kwekwe,ZW,-18.9281,29.8149,119863
Malindi,KE,-3.218,40.1169,119859
Ban I Chang,TH,13.7106,99.8962,119858
Rize,TR,41.0208,40.5219,119828
Almirante Tamandaré,BR,-25.3247,-49.31,119825
Palm Bay,US,28.0345,-80.5887,119760
Ann,MM,19.7954,94.0479,119714
Leiden,NL,52.1583,4.4931,119713
Thon Buri,TH,13.725,100.4851,119708
Ajax,CA,43.8501,-79.0329,119677
Bergedorf,DE,53.4846,10.229,119665
Sambrial,PK,32.4783,74.3534,119571
Pescara,IT,42.4584,14.2028,119554
Modakeke,NG,7.383,4.2603,119529
Nobeoka,JP,32.5833,131.6667,119521
Silang,PH,14.2157,120.9714,119475
Amanfrom,GH,5.5353,-0.3983,119467
Marituba,BR,-1.3553,-48.3419,119437
Paulo Afonso,BR,-9.4061,-38.2147,119418
Moḩammad Shahr,IR,35.763,50.9171,119418
Īz̄eh,IR,31.8303,49.8676,119399
Nazilli,TR,37.9163,28.3223,119370
Daitō,JP,34.7138,135.6203,119367
Hòa Cường,VN,16.0431,108.1821,119363
Lira,UG,2.2499,32.8999,119323
Pforzheim,DE,48.8844,8.6989,119313
Salihli,TR,38.4826,28.1477,119311
Arabkir,AM,40.2062,44.5037,119300
Port Dickson,MY,2.5246,101.7965,119300
Berkane,MA,34.92,-2.32,119284
Catanduva,BR,-21.1378,-48.9728,119275
Dordrecht,NL,51.81,4.6736,119260
Battambang,KH,13.1027,103.1982,119251
Offenbach,DE,50.1006,8.7665,119192
Kitami,JP,43.8031,143.8908,119135
Vĩnh Yên,VN,21.3089,105.6049,119128
Madhavaram,IN,13.1482,80.2314,119105
Cagua,VE,10.1863,-67.4594,119033
Fujairah,AE,25.1164,56.3414,118933
Mandimba,MZ,-14.3525,35.6506,118922
Reykjavík,IS,64.1355,-21.8954,118918
Dohad,IN,22.8328,74.2599,118846
Cheltenham,GB,51.9001,-2.0797,118836
Huaraz,PE,-9.5261,-77.5287,118836
Santa Coloma de Gramenet,ES,41.4515,2.2081,118821
Santana,BR,-0.0382,-51.1748,118803
Araxá,BR,-19.5933,-46.9406,118786
Piraquara,BR,-25.4423,-49.068,118730
Barshi,IN,18.2345,75.6928,118722
Lhasa,CN,29.65,91.1,118721
Bắc Quang,VN,22.4833,104.8667,118690
Xunchang,CN,28.4543,104.715,118664
Hưng Yên,VN,20.6464,106.0511,118646
Miramar,MX,22.3609,-97.9,118614
Bremerhaven,DE,53.5536,8.5755,118610
Queenstown,ZA,-31.8976,26.8753,118599
Nanbin,CN,29.9994,108.1091,118597
Bandar-e Anzalī,IR,37.4732,49.4579,118564
Khlong Luang,TH,14.0647,100.6458,118551
Ādilābād,IN,19.672,78.5359,118526
Fargo,US,46.8772,-96.7898,118523
Brugge,BE,51.2089,3.2242,118509
Jhunjhunūn,IN,28.1256,75.398,118473
Iguala de la Independencia,MX,18.3454,-99.5413,118468
Sarandi,BR,-23.4436,-51.8739,118455
Zomba,MW,-15.386,35.3188,118440
Sepatan,ID,-6.1189,106.575,118439
Malita,PH,6.415,125.6117,118438
Zielona Góra,PL,51.9355,15.5064,118433
Luodian,CN,31.4156,121.3344,118323
Jetpur,IN,21.7548,70.6235,118302
Tsentralno-Miskyi,UA,48.3024,38.0316,118283
Uppal Kalan,IN,17.4058,78.5591,118259
São Lourenço da Mata,BR,-8.0022,-35.0183,118258
Maghāghah,EG,28.6478,30.841,118223
Pita Kotte,LK,6.8905,79.9015,118179
Guiguinto,PH,14.8333,120.8833,118173
Gudivāda,IN,16.4355,80.9955,118167
Setúbal,PT,38.5244,-8.8882,118166
Torrejón de Ardoz,ES,40.4554,-3.4697,118162
Aizu-Wakamatsu,JP,37.4914,139.9455,118159
Bama,NG,11.5213,13.6895,118121
Ilobu,NG,7.8388,4.4867,118089
Manolo Fortich,PH,8.3697,124.8644,118075
Itabira,BR,-19.6192,-43.2269,118053
Kiến An,VN,20.8053,106.6256,118047
Jandira,BR,-23.5275,-46.9025,118045
Guaratinguetá,BR,-22.8164,-45.1925,118044
San Rafael,AR,-34.6153,-68.3324,118009
Shaoshan,CN,27.9167,112.5167,118000
Troparëvo,RU,55.6562,37.485,118000
Bārān,IN,25.1,76.5167,117992
Narmadapuram,IN,22.7475,77.7274,117988
Amreli,IN,21.5998,71.2117,117967
Nakhon Pathom,TH,13.8196,100.0443,117927
Manfalūţ,EG,27.3126,30.9699,117925
Kakegawa,JP,34.7667,138.0167,117925
Handa,JP,34.8833,136.9333,117884
Wushan,CN,31.0775,109.8764,117873
Friedrichshain,DE,52.5156,13.4548,117829
Abomey,BJ,7.1829,1.9912,117824
Sokodé,TG,8.9833,1.1333,117811
Araguari,BR,-18.6472,-48.1872,117808
Tarnów,PL,50.0138,20.987,117799
Bangkok Noi,TH,13.7627,100.478,117793
Jalingo,NG,8.8937,11.3596,117757
Raposo Tavares,BR,-23.5924,-46.7856,117738
Saanich,CA,48.5496,-123.3693,117735
Ibanda,UG,-0.134,30.4962,117700
Bairro da Penha,BR,-23.3684,-46.311,117691
Nyíregyháza,HU,47.9554,21.7167,117689
Sano,JP,36.3167,139.5833,117669
Karatsu,JP,33.4425,129.9697,117663
Achinsk,RU,56.2679,90.5015,117634
Pudukkottai,IN,10.3813,78.8214,117630
Shunyi,CN,40.1217,116.6478,117623
Rotherham,GB,53.4301,-1.3568,117618
Ciudad de Villa de Álvarez,MX,19.2672,-103.7378,117600
Rouiba,DZ,36.7383,3.2808,117558
Banyuwangi,ID,-8.2325,114.3576,117558
Tebingtinggi,ID,3.3285,99.1625,117530
Tigwav,HT,18.4312,-72.8652,117504
Narasaraopet,IN,16.2349,80.0493,117489
Lisala,CD,2.1513,21.5167,117464
Badin,PK,24.656,68.837,117455
Banfora,BF,10.6406,-4.7528,117452
Punta Arenas,CL,-53.1628,-70.9092,117430
Kadoma,ZW,-18.3333,29.9153,117381
Midsayap,PH,7.1908,124.5303,117365
Camboriú,BR,-27.0253,-48.6544,117324
Pyin Oo Lwin,MM,22.035,96.4568,117303
Clearwater,US,27.9658,-82.8001,117292
Himamaylan,PH,10.0989,122.8706,117286
Independence,US,39.0911,-94.4155,117255
Heroica Guaymas,MX,27.9199,-110.8989,117253
Kedungwuni,ID,-6.9704,109.6479,117249
Ilebo,CD,-4.3311,20.5864,117245
Kristiansand,NO,58.1467,7.9956,117237
Longjing,CN,42.7713,129.4231,117185
Kroonstad,ZA,-27.6504,27.2349,117152
Remscheid,DE,51.1798,7.1925,117118
Billings,US,45.7833,-108.5007,117116
Möng Yang,MM,21.8478,99.6765,117108
Čačak,RS,43.8914,20.3497,117072
Ann Arbor,US,42.2776,-83.7409,117070
Los Baños,PH,14.1702,121.2418,117030
Duekoué,CI,6.742,-7.3492,117023
Higashikurume,JP,35.752,139.5117,117020
Rishra,IN,22.7239,88.3456,117014
Pinhais,BR,-25.4447,-49.1925,117000
Kyzyl,RU,51.7111,94.4378,116983
Cadiz,ES,36.5267,-6.2891,116979
Dąbrowa Górnicza,PL,50.3339,19.2048,116971
Passos,BR,-20.7189,-46.6097,116951
Fāqūs,EG,30.7282,31.797,116945
Tacurong,PH,6.6925,124.6764,116945
Hōfu,JP,34.05,131.5667,116925
Gabela,AO,-10.8515,14.3799,116903
Serangoon,SG,1.3628,103.8975,116900
Serangoon New Town,SG,1.3508,103.8708,116900
Funza,CO,4.7164,-74.212,116890
Merauke,ID,-8.4996,140.4061,116864
Baripāda,IN,21.9346,86.7285,116849
Kōnosu,JP,36.0687,139.5168,116828
Soreang,ID,-7.0331,107.5183,116780
Smolyanskyi,UA,48.0144,37.7359,116779
Dinaig,PH,7.1699,124.2084,116768
Manp’o,KP,41.1547,126.2894,116760
Muktsar,IN,30.4743,74.5166,116747
El Monte,US,34.0686,-118.0276,116732
Tubarão,BR,-28.4667,-49.0069,116725
Forlì,IT,44.2218,12.0414,116696
Azamgarh,IN,26.0683,83.1836,116644
Santa Maria,BR,-16.031,-48.0293,116622
Masaka,UG,-0.3338,31.7341,116600
Cờ Đỏ,VN,10.0938,105.4292,116576
Taldykorgan,KZ,45.0156,78.3739,116558
Moncloa-Aravaca,ES,40.4355,-3.7317,116531
Gulin,CN,28.0422,105.8104,116527
Al Majaz,AE,25.3235,55.3877,116503
Thung Khru,TH,13.6285,100.5095,116473
Barnāla,IN,30.3745,75.5487,116449
Yelahanka,IN,13.1007,77.5963,116447
Pattaya,TH,12.9333,100.8833,116417
Chittorgarh,IN,24.8896,74.624,116406
Chenggu,CN,33.1492,107.3258,116375
Harlem,US,40.8079,-73.9454,116345
Orléans,FR,47.9025,1.9041,116344
Rouen,FR,49.4431,1.0993,116331
Tinsukia,IN,27.489,95.3599,116322
Westminster,US,39.8366,-105.0372,116317
Dasha,CN,23.1104,113.4418,116307
Yakeshi,CN,49.2833,120.7333,116284
Ipiranga,BR,-23.5996,-46.616,116271
Makumbako,TZ,-8.85,34.8333,116232
Khargone,IN,21.8229,75.6139,116150
Mariara,VE,10.2953,-67.7177,116142
Digos,PH,6.7497,125.3572,116122
Tshilenge,CD,-10.9667,22.9,116073
Aïn Beïda,DZ,35.7964,7.3928,116064
Shahre Jadide Andisheh,IR,35.6803,51.0193,116062
Andīsheh,IR,35.7471,51.2774,116062
Breves,BR,-1.6822,-50.4803,116058
Alcobendas,ES,40.5475,-3.642,116037
Kissidougou,GN,9.1848,-10.0999,116019
San Tung Chung Hang,HK,22.2787,113.9431,116000
Taganskiy,RU,55.7333,37.6667,116000
Round Rock,US,30.5083,-97.6789,115997
Noginsk,RU,55.8649,38.4485,115979
Tinaquillo,VE,9.9186,-68.3047,115937
Wilmington,US,34.2356,-77.946,115933
Cavite City,PH,14.4837,120.8988,115932
Campo Grande,BR,-23.6746,-46.6875,115925
East Harlem,US,40.7947,-73.9425,115921
Formosa,BR,-15.5372,-47.3344,115901
Tandil,AR,-37.3287,-59.1369,115877
Zoetermeer,NL,52.0575,4.4931,115845
São Gonçalo do Amarante,BR,-5.7933,-35.3294,115838
Sri Jayewardenepura Kotte,LK,6.883,79.9071,115826
Nasushiobara,JP,36.9768,140.0664,115794
Várzea Paulista,BR,-23.2114,-46.8283,115771
Baisha,CN,29.0623,106.1189,115761
Banī Mazār,EG,28.4946,30.8053,115759
Taunsa,PK,30.7036,70.6505,115704
Urasoe,JP,26.259,127.7301,115690
Santana,BR,-23.4903,-46.6387,115689
Yelets,RU,52.6144,38.5093,115688
Suan Luang,TH,13.7303,100.6514,115658
Parla,ES,40.236,-3.7675,115611
Mỹ Hào,VN,20.9167,106.0833,115608
Anliu,CN,23.6982,115.6795,115560
Ribeirão Pires,BR,-23.7106,-46.4133,115559
Recanto das Emas,BR,-15.9086,-48.0645,115550
Chunga,ZM,-15.3174,28.2687,115539
Novo-Peredelkino,RU,55.6453,37.3358,115536
Baidyabāti,IN,22.785,88.3259,115504
Okigwe,NG,5.8292,7.3506,115499
Ar Rifā‘,BH,26.13,50.555,115495
Uzhhorod,UA,48.6242,22.2947,115449
Kasese,UG,0.1833,30.0833,115400
Lengshuijiang,CN,27.6881,111.4294,115399
Tianfu,CN,37.2637,122.0523,115370
Arvada,US,39.8028,-105.0875,115368
Otaru,JP,43.1894,141.0022,115333
Tayabas,PH,14.0259,121.5929,115318
Inkisi,CD,-5.1312,15.0541,115317
Iriga City,PH,13.4324,123.4115,115306
Thornhill,CA,43.815,-79.4242,115292
Vacoas,MU,-20.2981,57.4783,115289
Beaumont,US,30.0861,-94.1018,115282
Vlorë,AL,40.4696,19.4838,115261
Sanxia,TW,24.9345,121.3714,115185
Provo,US,40.2338,-111.6585,115162
Tucuruí,BR,-3.7658,-49.6792,115144
Bastī,IN,26.7882,82.7162,115115
Peoria,US,40.6936,-89.589,115070
Ezeiza,AR,-34.8544,-58.5247,115021
Lasnamäe,EE,59.4336,24.8602,115008
Xiva,UZ,41.3856,60.3641,115000
Amasya,TR,40.6533,35.8331,114921
Mendoza,AR,-32.8895,-68.8458,114893
Balkh,AF,36.7563,66.8972,114883
Cubatão,BR,-23.895,-46.4253,114870
Mingshui,CN,36.7167,117.5,114858
Vila Medeiros,BR,-23.4887,-46.5776,114839
Phong Điền,VN,16.5832,107.3644,114820
Nova Serrana,BR,-19.8761,-44.9836,114791
Wang Thonglang,TH,13.7855,100.6116,114768
Carlsbad,US,33.1581,-117.3506,114746
Mandera,KE,3.9373,41.8569,114718
Qiaotou,CN,36.935,101.6736,114712
Gyumri,AM,40.7931,43.8464,114667
Silopi,TR,37.2438,42.4635,114645
Gangavati,IN,15.4313,76.5293,114642
Ambur,IN,12.7916,78.7164,114608
Tangará da Serra,BR,-14.6194,-57.4858,114603
Gorzów Wielkopolski,PL,52.7337,15.225,114567
Simões Filho,BR,-12.7844,-38.4039,114559
Giridih,IN,24.1862,86.3088,114533
Phool Nagar,PK,31.2024,73.9486,114530
Quezon,PH,7.7303,125.0989,114521
Aryanah,TN,36.8601,10.1934,114486
Tungipara,BD,22.8998,89.9033,114482
Ichinoseki,JP,38.9167,141.1333,114476
Khenchela,DZ,35.4358,7.1433,114472
Khon Kaen,TH,16.4467,102.833,114459
Odessa,US,31.8457,-102.3676,114428
Catalão,BR,-18.1658,-47.9464,114427
Tando Muhammad Khan,PK,25.1238,68.5368,114406
Springfield,US,39.8017,-89.6437,114394
Somaroboro,ZA,-25.346,28.8343,114369
Guadalajara de Buga,CO,3.9009,-76.2978,114316
Pamanukan,ID,-6.2842,107.8106,114290
Codó,BR,-4.4553,-43.8856,114275
Pardīs,IR,35.7469,51.8122,114249
Pleiku,VN,13.9833,108.0,114225
Downey,US,33.94,-118.1326,114219
Lower Hutt,NZ,-41.2167,174.9167,114200
Yuyao,CN,30.05,121.1494,114177
Rānyah,IQ,36.2551,44.8824,114173
Hatsukaichi,JP,34.35,132.3333,114173
Tung Chung,HK,22.2878,113.9424,114100
Salto,UY,-31.3881,-57.9598,114084
Siirt,TR,37.9293,41.9413,114034
Korolyov,UA,50.2449,28.7001,114034
Zhaozhou,CN,45.706,125.2661,114009
Villa Lugano,AR,-34.6791,-58.4726,114000
Ochakovo-Matveyevskoye,RU,55.6843,37.4465,114000
Punta Cardón,VE,11.6581,-70.215,113999
Akishima,JP,35.7208,139.38,113949
Itacoatiara,BR,-3.1431,-58.4442,113917
Chililabombwe,ZM,-12.3648,27.8229,113876
Rivière-des-Prairies–Pointe-aux-Trembles,CA,45.6406,-73.5846,113868
Worthing,GB,50.818,-0.3754,113866
Navojoa,MX,27.0706,-109.4434,113836
Offa,NG,8.1491,4.7207,113830
Tobolsk,RU,58.1981,68.2546,113800
Tōkai,JP,35.0227,136.9089,113787
Wardha,IN,20.7393,78.5978,113759
Wansheng,CN,28.9629,106.9284,113751
Pattoki,PK,31.0202,73.8533,113735
Wayaobu,CN,37.1361,109.6597,113698
Hikone,JP,35.25,136.25,113647
Nagahama,JP,35.3833,136.2667,113636
Pingshan,CN,22.9938,114.7131,113631
Songyuan,CN,45.129,124.8277,113611
Maba,CN,24.6841,113.5984,113609
Fujimino,JP,35.902,139.5249,113597
Doncaster,GB,53.5228,-1.1312,113566
Bình Thủy,VN,10.0743,105.7397,113565
Dumaguete,PH,9.3065,123.3077,113541
Budapest XIII. kerület,HU,47.5298,19.0807,113531
Nippes,DE,50.9654,6.9531,113487
Jaén,ES,37.7692,-3.7903,113457
Chengqiao,CN,31.6308,121.3925,113442
Chorzów,PL,50.3058,18.9742,113430
Porz am Rhein,DE,50.8864,7.0583,113415
Louga,SN,15.6187,-16.2244,113365
Elmhurst,US,40.7365,-73.8779,113364
Hoàng Mai,VN,19.2676,105.7159,113360
Kamsar,GN,10.65,-14.6167,113350
Yaritagua,VE,10.0808,-69.1242,113343
Shahdadpur,PK,25.9254,68.6228,113342
Itumbiara,BR,-18.4192,-49.2153,113322
Khwisero,KE,0.1712,34.5947,113294
Costa Mesa,US,33.6411,-117.9187,113204
Jauharabad,PK,32.2902,72.2818,113188
Miami Gardens,US,25.942,-80.2456,113187
Chesterfield,GB,53.25,-1.4167,113057
North Peoria,US,40.7175,-89.5843,113004
Shchyolkovo,RU,55.925,37.9722,113000
Al Fashn,EG,28.8231,30.899,112999
Fairfield,US,38.2494,-122.04,112970
Guanabacoa,CU,23.1252,-82.3007,112964
Hammanskraal,ZA,-25.4089,28.287,112950
Ōshū,JP,39.1393,141.1685,112937
Taourirt,MA,34.4073,-2.8973,112908
Ţalkhā,EG,31.0539,31.3779,112851
Neili,TW,24.9725,121.2614,112845
Vihari,PK,30.0445,72.3556,112840
Taonan,CN,45.3332,122.7846,112819
Youkaichi,JP,35.1163,136.1977,112819
Kazo,JP,36.1167,139.6,112792
Santa Lucía Cotzumalguapa,GT,14.3351,-91.0234,112780
Jönköping,SE,57.7814,14.1562,112766
City of Port Phillip,AU,-37.8338,144.9383,112669
Tadepalligudem,IN,16.8147,81.5272,112655
Haikou,CN,24.7798,102.5755,112644
Lansing,US,42.7325,-84.5555,112644
Chanduasi,IN,28.4518,78.7828,112635
Bagaha,IN,27.0992,84.09,112634
Nefteyugansk,RU,61.0998,72.6035,112632
Reutlingen,DE,48.4914,9.2043,112627
Bushwick,US,40.6943,-73.9188,112620
Upata,VE,8.0162,-62.4056,112617
Shaowu,CN,27.3409,117.4831,112585
Mengmao,CN,24.0014,97.865,112578
Lawang,ID,-7.8353,112.6947,112540
Bouskoura,MA,33.4498,-7.6524,112501
Satu Mare,RO,47.7993,22.8625,112490
Itanhaém,BR,-24.1831,-46.7889,112476
Kaiyuan,CN,42.5331,124.0403,112462
Kisii,KE,-0.6817,34.7667,112417
Petržalka,SK,48.1233,17.1287,112380
Kāzerūn,IR,29.6192,51.6535,112360
Ermelino Matarazzo,BR,-23.4947,-46.4739,112333
Achalpur,IN,21.2567,77.5101,112311
Planaltina,BR,-15.4528,-47.6142,112304
Guanare,VE,9.0393,-69.7336,112286
Wuzhishan,CN,18.7823,109.5013,112269
Gravesend,US,40.5976,-73.9651,112229
Rochester,US,44.0216,-92.4699,112225
Gondal,IN,21.9607,70.8025,112197
Chichawatni,PK,30.5301,72.6916,112191
Farīdpur,BD,23.6061,89.8406,112187
Apopa,SV,13.8072,-89.1792,112158
Carmona,PH,14.3132,121.0576,112140
Laoag,PH,18.1978,120.5957,112117
Elgin,US,42.0373,-88.2812,112111
Dharashiv,IN,18.1816,76.0389,112085
Xigang,CN,38.5526,106.3481,112061
Chóngfú,CN,30.5311,120.4309,112060
Taipa,MO,22.1558,113.5569,112051
Port Blair,IN,11.6661,92.7464,112050
Minatitlán,MX,18.0001,-94.5569,112046
Esuk Oron,NG,4.8029,8.2534,112033
Atbara,SD,17.7022,33.9864,112021
Vicenza,IT,45.5467,11.5475,111980
Ciudad Guzmán,MX,19.7041,-103.4638,111975
Ballarat,AU,-37.5662,143.8496,111973
Tocoa,HN,15.6833,-86.0,111972
West Jordan,US,40.6097,-111.9391,111946
Bagalkot,IN,16.1867,75.6961,111933
Lomas de Zamora,AR,-34.7574,-58.4028,111897
Yeoju,KR,37.2958,127.6339,111897
Dūmā,SY,33.5718,36.4027,111864
Winterthur,CH,47.5056,8.7241,111840
Novokuybyshevsk,RU,53.0971,49.94,111800
Bou Saâda,DZ,35.2086,4.174,111787
Abnūb,EG,27.2688,31.1523,111785
Qūchān,IR,37.106,58.5095,111752
Manacapuru,BR,-3.2997,-60.6206,111751
Kuningan,ID,-6.9758,108.4831,111742
Suriāpet,IN,17.1405,79.6205,111729
Kandy,LK,7.2906,80.6336,111701
Zefta,EG,30.7142,31.2443,111700
Bangaon,IN,23.0455,88.8308,111693
Inglewood,US,33.9617,-118.3531,111666
Kilis,TR,36.7161,37.115,111648
Terrebonne,CA,45.7,-73.6473,111575
Kyimyindine,MM,16.8085,96.1242,111514
Set Ka Lay,MM,16.8144,96.1139,111514
Chelmsford,GB,51.7358,0.4696,111511
Marzahn,DE,52.5453,13.5698,111508
Chiquimula,GT,14.8009,-89.5464,111505
Cileunyi,ID,-6.9389,107.7528,111476
Ashoknagar Kalyangarh,IN,22.8642,88.637,111475
Mongu,ZM,-15.2484,23.1274,111450
Mulhouse,FR,47.752,7.3287,111430
Al Fqih Ben Çalah,MA,32.5021,-6.6877,111402
Pulilan,PH,14.9017,120.8492,111384
Beau Bassin-Rose Hill,MU,-20.2333,57.4661,111355
Tuscaloosa,US,33.2098,-87.5692,111338
Sogamoso,CO,5.7143,-72.9339,111336
Sainte-Foy,CA,46.7814,-71.2922,111300
Mbale,UG,1.0821,34.175,111300
Montreuil,FR,48.8642,2.4432,111240
Terni,IT,42.5633,12.6433,111189
Deesa,IN,24.2561,72.1793,111160
Navadwīp,IN,23.4067,88.3686,111123
Maran,MY,3.586,102.773,111056
Nandurbar,IN,21.3667,74.2405,111037
Kasuga,JP,33.5259,130.4611,111023
Nsukka,NG,6.8578,7.3958,111017
Nguru,NG,12.877,10.4554,111014
Mabopane,ZA,-25.509,28.064,110972
Namur,BE,50.4669,4.8675,110939
Cambé,BR,-23.2758,-51.2783,110923
Encheng,CN,22.1866,112.3042,110921
Turhal,TR,40.3875,36.0811,110884
Gò Vấp,VN,10.8167,106.6833,110850
Richardson,US,32.9482,-96.7297,110815
Bokhtar,TJ,37.8365,68.7776,110800
Hadejia,NG,12.4535,10.0412,110753
Zhuji,CN,29.7188,120.2423,110721
Perpignan,FR,42.6976,2.8954,110706
Lowell,US,42.6334,-71.3162,110699
Lavras,BR,-21.2453,-44.9997,110682
São Pedro da Aldeia,BR,-22.8392,-42.1028,110677
East Independence,US,39.0956,-94.3552,110675
Caen,FR,49.1859,-0.3591,110624
Açailândia,BR,-4.9467,-47.5047,110611
Kyivskyi,UA,49.609,34.5293,110600
Borāzjān,IR,29.2699,51.2188,110567
Yenangyaung,MM,20.465,94.8712,110553
Gresham,US,45.4982,-122.4315,110553
Antioch,US,38.0049,-121.8058,110542
Paulínia,BR,-22.7611,-47.1542,110537
Manzini,SZ,-26.4988,31.38,110537
St. John's,CA,47.5649,-52.7093,110525
Delicias,ES,41.6493,-0.9076,110520
Masindi,UG,1.6744,31.715,110500
Kfar Saba,IL,32.175,34.9069,110456
Matsutō,JP,36.5167,136.5667,110408
Cambridge,US,42.3751,-71.1056,110402
Sultānpur,IN,26.2579,82.0727,110368
Delhi Cantonment,IN,28.6,77.1333,110351
Firozpur,IN,30.9257,74.6131,110313
Bayugan,PH,8.7561,125.7675,110313
High Point,US,35.9557,-80.0053,110268
Datun,CN,34.8092,116.9017,110258
Manchester,US,42.9956,-71.4548,110229
Bāneh,IR,35.9975,45.8853,110218
Geylang,SG,1.3195,103.8869,110201
Kresek,ID,-6.1314,106.3797,110182
Bender,MD,46.8316,29.4767,110175
Mbombela,ZA,-25.4751,30.9693,110159
Rodenkirchen,DE,50.8933,6.9948,110158
Sembawang Estate,SG,1.4508,103.8286,110090
Gabès,TN,33.8815,10.0982,110075
Orkney,ZA,-26.9802,26.6727,110052
Qingnian,CN,36.8409,115.7109,110046
Temecula,US,33.4936,-117.1484,110003
Lucapa,AO,-8.4192,20.7447,110000
Mendip,GB,51.2372,-2.6266,110000
Qal‘at Sukkar,IQ,31.8632,46.0732,110000
An Nu‘mānīyah,IQ,32.5562,45.4129,110000
Kufa,IQ,32.0511,44.4402,110000
Ressano Garcia,MZ,-25.4428,31.9953,110000
Noyabrsk,RU,63.1931,75.4373,110000
Sengerema,TZ,-2.6667,32.65,110000
Bataysk,RU,47.1375,39.7571,109962
Pisa,IT,43.7085,10.4036,109960
Linshui,CN,36.4247,114.2047,109955
Kamagaya,JP,35.7697,140.0024,109932
Sutton Coldfield,GB,52.5667,-1.8167,109899
Hailun,CN,47.4466,126.9248,109881
Maramag,PH,7.7633,125.0053,109864
Kecskemét,HU,46.9062,19.6913,109847
Seversk,RU,56.6006,84.8864,109844
Ciamis,ID,-7.3257,108.3534,109839
Murrieta,US,33.5539,-117.2139,109830
Brovary,UA,50.511,30.7911,109806
Santo Antônio de Jesus,BR,-12.9689,-39.2614,109791
Lak Si,TH,13.8872,100.5792,109770
Wakefield,GB,53.6833,-1.4977,109766
Centennial,US,39.5792,-104.8769,109741
Shilong,CN,23.1144,113.8472,109733
Richmond,US,37.9358,-122.3478,109708
Corona,US,40.7471,-73.8601,109698
Thới Lai,VN,10.0652,105.5586,109684
Vilhena,BR,-12.7406,-60.1458,109651
Pandit Deen Dayal Upadhyaya Nagar,IN,25.2831,83.1197,109650
Dchira El Jihadia,MA,30.3734,-9.5476,109564
Didao,CN,45.3473,130.8369,109561
Arsuz,TR,36.413,35.8903,109550
Pelabuhanratu,ID,-6.9875,106.5514,109523
Marugame,JP,34.2833,133.7833,109513
Habikino,JP,34.5528,135.591,109479
Arzamas,RU,55.3956,43.8381,109479
Phalaborwa,ZA,-23.943,31.1411,109468
Walthamstow,GB,51.5907,-0.0208,109424
Pueblo,US,38.2544,-104.6091,109412
Guaianases,BR,-23.5433,-46.4108,109316
Ijebu-Igbo,NG,6.972,3.9994,109261
Sergiyev Posad,RU,56.312,38.1387,109252
Talisay,PH,10.7375,122.9666,109204
San Juan,AR,-31.5373,-68.5257,109123
Sehore,IN,23.2,77.0833,109118
Jianchang,CN,27.5583,116.6398,109108
Hulan,CN,45.8933,126.5784,109104
Matagalpa,NI,12.9279,-85.9191,109089
Khlong Toei,TH,13.7101,100.5819,109041
Leninsk-Kuznetsky,RU,54.6567,86.1737,109023
Kiryū,JP,36.4,139.3333,108991
Handeni,TZ,-5.4333,38.0167,108968
Balombo,AO,-12.3543,14.7723,108965
Zhongxiang,CN,31.1661,112.5831,108883
Thunder Bay,CA,48.382,-89.2502,108843
Iwatsuki,JP,35.9647,139.6964,108833
Pearland,US,29.5636,-95.2861,108821
Dehui,CN,44.5367,125.6943,108818
Pangkalanbuun,ID,-2.6832,111.6259,108814
Waterbury,US,41.5581,-73.0515,108802
Greeley,US,40.4233,-104.7091,108795
Boulogne-Billancourt,FR,48.8355,2.2413,108782
Warīsān,AE,25.1674,55.4071,108759
Kalisz,PL,51.7611,18.091,108759
Baia Mare,RO,47.6573,23.5681,108759
Coronel Fabriciano,BR,-19.5186,-42.6289,108708
Mascara,DZ,35.3966,0.1403,108629
Maranguape,BR,-3.8908,-38.6856,108622
Uromi,NG,6.7,6.3333,108608
Katumba,TZ,-9.2333,33.6167,108558
Móng Cái,VN,21.5247,107.9662,108553
Vila Maria,BR,-23.5141,-46.5862,108543
Kanpur Cantonment,IN,26.4594,80.3751,108534
Komatsu,JP,36.4026,136.4509,108509
West Covina,US,34.0686,-117.939,108484
Enterprise,US,36.0252,-115.2419,108481
Bānsbāria,IN,22.9539,88.401,108474
Girón,CO,7.0682,-73.1698,108466
Baghlān,AF,36.1307,68.7083,108449
Muriaé,BR,-21.1306,-42.3664,108447
Hanjia,CN,29.2952,108.1613,108430
Trincomalee,LK,8.5778,81.2289,108420
La Cité-Limoilou,CA,46.8289,-71.2264,108415
Santiago,PH,16.6881,121.5487,108414
Taibai,CN,30.8248,108.3578,108387
Vedado,CU,23.1377,-82.3934,108369
Dagenham,GB,51.55,0.1667,108368
Xuyong,CN,28.1699,105.4345,108352
North Charleston,US,32.8546,-79.9748,108304
Sohar,OM,24.3474,56.7094,108274
Nehe,CN,48.4793,124.8702,108253
Oktyabrsky,RU,54.4815,53.471,108200
Tadpatri,IN,14.9083,78.0103,108171
Birnin Kebbi,NG,12.4539,4.1975,108164
Santa Cruz,PH,14.2814,121.4161,108145
Novobavarskyi,UA,49.9514,36.165,108100
Everett,US,47.979,-122.2021,108010
An Nuhūd,SD,12.7,28.4333,108008
Ŭllyul,KP,38.5139,125.1897,107997
Rijeka,HR,45.3267,14.4424,107964
Douliu,TW,23.7094,120.5433,107924
Luis Eduardo Magalhães,BR,-12.0909,-45.785,107909
Catbalogan,PH,11.7753,124.8861,107896
College Station,US,30.628,-96.3344,107889
As Salţ,JO,32.0392,35.7272,107874
Mishima,JP,35.1167,138.9167,107851
Baía Farta,AO,-12.6042,13.1967,107841
Jalpāiguri,IN,26.5167,88.7333,107832
Jalai Nur,CN,49.45,117.7,107828
Tajimi,JP,35.3167,137.1333,107818
Castelar,AR,-34.6514,-58.6407,107786
Pompano Beach,US,26.2379,-80.1248,107762
Coronel,CL,-37.0339,-73.1402,107759
Bacabal,BR,-4.2325,-44.7816,107755
Novo Gama,BR,-16.0592,-48.0394,107663
Dusit,TH,13.7771,100.5196,107655
Mandurah,AU,-32.5269,115.7217,107643
Basingstoke,GB,51.2625,-1.0871,107642
Bandırma,TR,40.3522,27.9767,107631
Maidstone,GB,51.2667,0.5167,107627
Tieli,CN,46.9754,128.048,107621
Umm Qaşr,IQ,30.0362,47.9195,107620
Butterworth,MY,5.3991,100.3638,107591
Shaping,CN,22.7702,112.9578,107589
Labé,GN,11.3182,-12.2833,107571
Chālūs,IR,36.655,51.4204,107490
Koszalin,PL,54.1944,16.1722,107450
Bolzano,IT,46.4907,11.3398,107436
South Fulton,US,33.5926,-84.6729,107436
Ubá,BR,-21.12,-42.9428,107423
Sherpur,BD,25.0188,90.0175,107419
Obninsk,RU,55.1099,36.6124,107392
Circoiscrizione VI,IT,45.1022,7.7003,107369
Girardot City,CO,4.3008,-74.8075,107324
Koblenz,DE,50.3536,7.5788,107319
Itaperuna,BR,-21.205,-41.8878,107246
Siegen,DE,50.8748,8.0243,107242
Hirnytskyi,UA,48.0211,37.9691,107216
Mangalagiri,IN,16.4308,80.5682,107197
Thohoyandou,ZA,-22.9456,30.485,107144
As Suwayq,OM,23.8494,57.4386,107143
Norwalk,US,33.9022,-118.0817,107140
Yên Vinh,VN,18.6667,105.6667,107082
Mitrovicë,XK,42.8833,20.8667,107045
Yevpatoriya,UA,45.2009,33.3665,107040
Pati,ID,-6.7559,111.038,107028
Elista,RU,46.3079,44.2554,106971
Dera Murad Jamali,PK,28.5466,68.2231,106952
Taungoo,MM,18.9429,96.4341,106945
Bedford,GB,52.1346,-0.4663,106940
Bagong Silangan,PH,14.706,121.108,106886
Kangnyŏng,KP,37.9075,125.51,106827
Catia La Mar,VE,10.6054,-67.0324,106822
Boulder,US,40.015,-105.2706,106803
Anning,CN,24.9227,102.485,106795
Ituiutaba,BR,-18.9743,-49.4621,106775
Rayong,TH,12.6809,101.258,106737
Sirte,LY,31.2089,16.5887,106705
Kotri,PK,25.3657,68.3083,106615
Cherëmushki,RU,55.6647,37.5613,106587
Broken Arrow,US,36.0526,-95.7908,106563
Daly City,US,37.7058,-122.4619,106562
Cikarang,ID,-6.2611,107.1528,106479
Arlit,NE,18.7369,7.3853,106448
Bahārestān,IR,32.4881,51.7731,106433
Ba Đồn,VN,17.7535,106.4236,106413
Ranebennur,IN,14.6224,75.6295,106406
Longjiang,CN,47.336,123.196,106384
Hwado,KR,37.6525,127.3075,106358
Buhe,CN,30.2876,112.2298,106347
Hammamet,TN,36.4,10.6167,106326
Pindiga,NG,9.9843,10.9523,106322
Berdyansk,UA,46.7558,36.7882,106311
Toufen,TW,24.6875,120.9094,106310
Mīāneh,IR,37.421,47.715,106291
Dakhla,EH,23.6848,-15.958,106277
Paniqui,PH,15.6689,120.5806,106190
Novotroitsk,RU,51.201,58.3132,106186
Bergisch Gladbach,DE,50.9856,7.133,106184
Rangamati,BD,22.6432,92.1919,106069
Alchevsk,UA,48.4691,38.7974,106062
Sơn La,VN,21.3256,103.9188,106052
Mingachevir,AZ,40.7642,47.0623,106048
Legnica,PL,51.2101,16.1619,106033
Drammen,NO,59.7439,10.2045,106013
Pare,ID,-7.7679,112.198,106007
Tokoza,ZA,-26.36,28.129,106000
Balsas,BR,-7.5325,-46.0356,105974
Sydney,CA,46.1351,-60.1831,105968
Derbent,RU,42.0662,48.2876,105965
Xinghua,CN,32.9392,119.8342,105918
Khurja,IN,28.2538,77.8554,105909
Mati,PH,6.9551,126.2165,105908
Arjawinangun,ID,-6.6453,108.4103,105845
Le Plateau-Mont-Royal,CA,45.5283,-73.5808,105813
Funchal,PT,32.6657,-16.9255,105795
Kishanganj,IN,26.1022,87.9553,105782
Yautepec,MX,18.8819,-99.0671,105780
Jataí,BR,-17.8794,-51.7217,105729
Sergeli,UZ,41.1983,69.2222,105700
Azare,NG,11.6748,10.1907,105687
Nantou,TW,23.9157,120.6639,105682
Ipojuca,BR,-8.3989,-35.0639,105638
Lahad Datu,MY,5.023,118.329,105622
Vila Prudente,BR,-23.5925,-46.5728,105590
Subulussalam,ID,2.662,97.8827,105553
Paragominas,BR,-2.9956,-47.3549,105550
Bukama,CD,-9.2044,25.8547,105530
Ponnāni,IN,10.7669,75.9252,105512
Tanza,PH,14.6753,120.9389,105510
Inzai,JP,35.8348,140.1636,105463
Bhairab Bāzār,BD,24.0524,90.9764,105457
Chengtangcun,CN,35.0836,117.1907,105456
Hindaun,IN,26.7341,77.0352,105452
Jamālpur,IN,25.3126,86.4889,105434
Abū Tīj,EG,27.0451,31.3184,105418
Coatepeque,GT,14.7041,-91.8643,105415
Baraki,DZ,36.6666,3.0961,105402
Robāţ Karīm,IR,35.4846,51.0829,105393
'Ākra,IQ,36.7336,43.8804,105370
Sandy Springs,US,33.9243,-84.3785,105330
Burbank,US,34.1808,-118.309,105319
Taling Chan,TH,13.777,100.4567,105299
San Justo,AR,-34.6811,-58.5638,105274
Hòa Bình,VN,20.8172,105.3376,105260
Saint-Paul,RE,-21.0096,55.2713,105240
Ourense,ES,42.3367,-7.8641,105233
Nāgaur,IN,27.202,73.7339,105218
Riacho Fundo II,BR,-15.8981,-48.0467,105210
Green Bay,US,44.5192,-88.0198,105207
Mityana,UG,0.4175,32.0228,105200
Jizan,SA,16.8892,42.5511,105198
Texcoco de Mora,MX,19.5119,-98.8829,105165
Bang Bon,TH,13.6618,100.3957,105161
Nikopol,UA,47.5683,34.3913,105160
Slovyansk,UA,48.8497,37.5974,105141
Santa Maria,US,34.953,-120.4357,105093
San Francisco De Borja,PE,-12.0891,-76.9988,105076
Yidu,CN,36.7712,118.4245,105070
Nancy,FR,48.6844,6.185,105058
Kuala Krai,MY,5.5313,102.1993,105007
Zhonghe,CN,28.4505,108.989,105003
Universal City,US,34.1389,-118.3534,105000
Puyang Chengguanzhen,CN,35.7062,115.0279,104994
Ikeda,JP,34.8221,135.4298,104993
Waterloo,CA,43.4668,-80.5164,104986
Ambala Sadar,IN,30.3354,76.8627,104974
Chinautla,GT,14.7029,-90.4998,104972
Salzgitter,DE,52.157,10.4154,104970
Ville-Marie,CA,45.499,-73.5705,104944
Moratalaz,ES,40.4074,-3.6494,104923
Bhiwadi,IN,28.2102,76.8606,104921
Būndi,IN,25.4385,75.6373,104919
Miryalaguda,IN,16.8722,79.5625,104918
Daxing,CN,39.7403,116.3269,104904
Artur Alvim,BR,-23.5402,-46.4858,104864
Assis,BR,-22.6617,-50.4122,104858
Santa Cruz do Capibaribe,BR,-7.9575,-36.2047,104854
Yezhou,CN,30.6037,109.7233,104839
Hidalgo del Parral,MX,26.9299,-105.6662,104836
Saijō,JP,33.9167,133.1833,104791
Jena,DE,50.9288,11.5899,104712
Wichita Falls,US,33.9137,-98.4934,104710
Brantford,CA,43.1334,-80.2664,104688
Gera,DE,50.8803,12.0819,104659
Tuyên Quang,VN,21.8236,105.2142,104645
Ottakring,AT,48.2167,16.3,104627
Al Fāw,IQ,29.9742,48.4731,104569
Angoche,MZ,-16.2325,39.9086,104540
Depok,ID,-7.7625,110.4317,104527
Toride,JP,35.9,140.0833,104524
Mostar,BA,43.3433,17.8081,104518
Mazyr,BY,52.0416,29.2163,104517
Kamloops,CA,50.6665,-120.3192,104460
Mazabuka,ZM,-15.856,27.748,104412
Lakeland,US,28.0395,-81.9498,104401
Pozniaky,UA,50.4026,30.6235,104400
Zhezqazghan,KZ,47.7941,67.7063,104357
Pailou,CN,30.7964,108.3858,104351
Lo Prado,CL,-33.4443,-70.7255,104316
Tizi Ouzou,DZ,36.7118,4.0459,104312
Pulandian,CN,39.3953,121.9669,104277
Helsingborg,SE,56.0467,12.6944,104250
Abreu e Lima,BR,-7.9117,-34.9028,104248
Kot Addu,PK,30.4691,70.967,104217
Bouaflé,CI,6.9904,-5.7442,104209
Kara,TG,9.5511,1.1861,104207
Clovis,US,36.8252,-119.7029,104180
Kafue,ZM,-15.7691,28.1814,104174
Wuchuan,CN,21.4571,110.7659,104168
Campo Mourão,BR,-24.0431,-52.3793,104122
Salaqi,CN,40.5414,110.5108,104090
Kalulushi,ZM,-12.8415,28.0948,104046
Lewisville,US,33.0462,-96.9942,104039
Oued Zem,MA,32.8627,-6.5736,104029
Weldiya,ET,11.8277,39.5916,104000
Soyībug,IN,34.0768,74.7057,104000
Izmaylovo,RU,55.7966,37.7824,104000
Kiselëvsk,RU,53.99,86.6621,104000
Jishu,CN,44.3167,126.8,103988
El Kelaa des Srarhna,MA,32.0512,-7.4108,103982
Séguéla,CI,7.9611,-6.6731,103980
Ourinhos,BR,-22.9789,-49.8706,103970
Totonicapán,GT,14.9119,-91.3605,103952
Ad-Damir,SD,17.599,33.9721,103941
Jagtiāl,IN,18.7947,78.9166,103930
Woking,GB,51.319,-0.5589,103900
Roorkee,IN,29.8663,77.8912,103894
Edéa,CM,3.8,10.1333,103861
Yuxi,CN,24.355,102.5422,103829
Lincoln,GB,53.2268,-0.5379,103813
Poá,BR,-23.5281,-46.3447,103765
Bashan,CN,27.7682,116.0502,103748
Nkpor,NG,6.1504,6.8304,103733
Berbérati,CF,4.2612,15.7922,103713
Sangla Hill,PK,31.7167,73.3833,103709
Tongren,CN,35.5148,102.016,103700
Tyler,US,32.3513,-95.3011,103700
Male,MV,4.1752,73.5092,103693
El Cajon,US,32.7948,-116.9625,103679
Mandaqui,BR,-23.4595,-46.6409,103665
Piacenza,IT,45.0524,9.6934,103607
Gardez,AF,33.5974,69.2259,103601
Zhanaozen,KZ,43.3412,52.8619,103598
Gangu Chengguanzhen,CN,34.7356,105.3263,103589
Teziutlan,MX,19.8173,-97.3599,103583
Kolda,SN,12.8939,-14.9413,103574
Vila Matilde,BR,-23.5394,-46.5179,103558
Udgīr,IN,18.3926,77.1176,103550
San Mateo,US,37.563,-122.3255,103536
Viseu,PT,40.6617,-7.909,103502
Nagda,IN,23.4583,75.4176,103501
Moers,DE,51.4534,6.6326,103487
Brandon,US,27.9378,-82.2859,103483
Buzău,RO,45.15,26.8333,103481
Reus,ES,41.1561,1.1069,103477
Prabumulih,ID,-3.4345,104.2306,103470
Itabaiana,BR,-10.685,-37.4253,103440
Francistown,BW,-21.17,27.5078,103417
Isehara,JP,35.3993,139.3102,103401
Queluz,PT,38.7566,-9.2545,103399
Betūl,IN,21.9006,77.9023,103330
Chikushino-shi,JP,33.4963,130.5156,103311
Akademicheskoe,RU,60.0138,30.3947,103304
Turgutlu,TR,38.4953,27.6997,103292
Lida,BY,53.8833,25.2997,103262
Taitung,TW,22.7599,121.1446,103260
Kalynivskyi,UA,48.0074,37.8538,103249
San,ML,13.297,-4.8963,103227
Jahānābād,IN,25.2137,84.9871,103202
Lethbridge,CA,49.7,-112.8186,103197
Cursino,BR,-23.6314,-46.6207,103171
Velikiye Luki,RU,56.3406,30.5438,103149
Kashipur,IN,29.214,78.9569,103138
Rialto,US,34.1064,-117.3703,103132
West Bromwich,GB,52.5187,-1.9945,103112
Ghazīpur,IN,25.5833,83.5853,103095
Tanjung Pandan,ID,-2.7335,107.6348,103062
Ikere-Ekiti,NG,7.4975,5.2304,103054
Hildesheim,DE,52.1508,9.9511,103052
Kharian,PK,32.8161,73.887,103036
Bendigo,AU,-36.7582,144.2802,103034
Rantauprapat,ID,2.1,99.8333,103009
Chumakivskyi,UA,47.9567,37.9419,103005
Nkayi,CG,-4.184,13.2859,103000
Amaravati,IN,16.514,80.516,103000
Bogorodskoye,RU,55.814,37.7212,103000
Pārsābād,IR,39.6482,47.9174,102996
Lahān,NP,26.7202,86.4826,102955
Liberec,CZ,50.7671,15.0562,102951
Nagapattinam,IN,10.7638,79.8431,102905
Qurayyat,SA,31.3318,37.3428,102903
Buxar,IN,25.5755,83.9804,102861
Portmore,JM,17.971,-76.8869,102861
Santa Rosa,AR,-36.6162,-64.2899,102860
Palma Soriano,CU,20.2115,-75.9944,102826
Pushkino,RU,55.9946,37.829,102816
Khushāb,PK,32.2967,72.3525,102793
Lafiagi,NG,8.853,5.4164,102779
Caieiras,BR,-23.3642,-46.7406,102775
Xincheng,CN,41.715,82.9325,102752
Lyon 03,FR,45.7612,4.8518,102725
Pasrur,PK,32.2629,74.6633,102717
Belawan,ID,3.7755,98.6832,102707
Pano Aqil,PK,27.8562,69.1111,102701
Piatra Neamţ,RO,46.9167,26.3333,102688
Cabudare,VE,10.0266,-69.262,102686
Erlangen,DE,49.591,11.0078,102675
Tepexpan,MX,19.6139,-98.9364,102667
Tivaouane,SN,14.9519,-16.8152,102658
Entebbe,UG,0.0562,32.4795,102600
Davenport,US,41.5236,-90.5776,102582
Darnah,LY,32.767,22.6367,102581
Dayrūţ,EG,27.5564,30.8106,102570
Whalley,CA,49.1792,-122.8667,102555
Edison,US,40.5187,-74.4121,102548
Skhidni Kvartaly,UA,48.5662,39.3826,102500
Curicó,CL,-34.9828,-71.2394,102438
Kangsŏn,KP,38.9364,125.5811,102436
La Vega,DO,19.2203,-70.531,102426
Shāhzādpur,BD,24.1769,89.5988,102420
Tulancingo,MX,20.0835,-98.3629,102406
Perdizes,BR,-23.5387,-46.6809,102391
Yono,JP,35.8833,139.6333,102364
Apatzingán,MX,19.0886,-102.357,102362
Ciutat Vella,ES,41.3802,2.1732,102347
Hillsboro,US,45.5229,-122.9898,102347
Mormugao,IN,15.3891,73.8149,102345
Seoni,IN,22.085,79.5504,102343
Shabqadar,PK,34.216,71.5548,102340
Mitte,DE,52.52,13.4049,102338
Sabanalarga,CO,10.6307,-74.9221,102334
Jishou,CN,28.3193,109.7335,102332
Ngong,KE,-1.3527,36.6699,102323
Francisco Beltrão,BR,-26.0811,-53.055,102312
Sebeta,ET,8.9167,38.6167,102300
Artëm,RU,43.3576,132.1914,102300
Tsuyama,JP,35.0521,133.9989,102294
Limerick,IE,52.6647,-8.6231,102287
Aurangābād,IN,24.752,84.3742,102244
Lampa,CL,-33.2863,-70.8756,102234
Sungai Penuh,ID,-2.0561,101.3913,102224
Ukhta,RU,63.569,53.6914,102187
Japeri,BR,-22.6431,-43.6533,102171
Nakhon Si Thammarat,TH,8.4333,99.9667,102152
Putatan,PH,14.3986,121.0503,102146
Shuifu,CN,28.6321,104.4078,102143
Kani,JP,35.4044,137.0559,102143
Ōnojō,JP,33.5357,130.4786,102085
Kot Radha Kishan,PK,31.1707,74.1013,102057
Al Jumayl,LY,32.8529,12.0612,102000
Shchukino,RU,55.8,37.45,102000
Brateyevo,RU,55.6375,37.7644,102000
Maldonado,UY,-34.8979,-54.9502,102000
Venlo,NL,51.37,6.1681,101988
Mairiporã,BR,-23.3186,-46.5867,101937
Novara,IT,45.4469,8.6212,101916
Shūshtar,IR,32.0497,48.8484,101878
Wilmersdorf,DE,52.4833,13.3167,101877
Al-Musayab,IQ,32.7787,44.2901,101873
Pôr do Sol,BR,-15.855,-48.1243,101866
Parintins,BR,-2.6283,-56.7358,101855
Hedong,CN,23.9196,115.7801,101825
Hinganghāt,IN,20.5487,78.8398,101805
Zonguldak,TR,41.4514,31.7931,101749
Iğdır,TR,39.9237,44.045,101700
Kawachi-Nagano,JP,34.4411,135.5828,101692
Eastbourne,GB,50.7687,0.2845,101689
Dhamtari,IN,20.7072,81.5487,101677
Delta,CA,49.0892,-123.0532,101668
Orsha,BY,54.5136,30.4036,101662
Worcester,GB,52.1893,-2.22,101659
Las Cruces,US,32.3123,-106.7783,101643
Székesfehérvár,HU,47.19,18.4103,101600
Lagarto,BR,-10.9172,-37.65,101579
Kindrativskyi,UA,48.3028,38.0547,101565
Bath,GB,51.3751,-2.3617,101557
Sidi Slimane,MA,34.2648,-5.926,101541
Leme,BR,-22.1856,-47.3903,101537
Iida,JP,35.5196,137.8207,101536
Los Puertos de Altagracia,VE,10.7149,-71.5217,101527
South Bend,US,41.6834,-86.25,101516
Kansk,RU,56.2022,95.7185,101502
Kalmiuskyi,UA,47.1105,37.5438,101498
Chilliwack,CA,49.1664,-121.9526,101491
Queenstown Estate,SG,1.2942,103.8025,101480
Argenteuil,FR,48.9479,2.2474,101475
Khanty-Mansiysk,RU,61.0019,69.0273,101466
Isulan,PH,6.6294,124.605,101455
Itaim Bibi,BR,-23.5858,-46.6824,101452
Mbaké,SN,14.7903,-15.908,101451
Pavlohrad,UA,48.5321,35.8688,101430
Simmering,AT,48.1833,16.4333,101420
Mustafakemalpaşa,TR,40.0382,28.4087,101412
Burayu,ET,9.0353,38.6608,101400
Chilakalūrupet,IN,16.0899,80.1671,101398
Malappuram,IN,11.042,76.0815,101386
Ébolowa,CM,2.9,11.15,101363
Dartmouth,CA,44.6713,-63.5772,101343
Orihuela,ES,38.0848,-0.944,101321
Kallang,SG,1.3333,103.8667,101290
Sangju,KR,36.4153,128.1606,101267
Perling,MY,1.4806,103.6838,101263
Albany,US,42.6526,-73.7562,101228
São Cristóvão,BR,-11.0147,-37.2064,101213
Medina Estates,GH,5.6658,-0.1631,101207
Chakwal,PK,32.9329,72.8539,101200
Ngã Bảy,VN,9.8137,105.821,101192
Gillingham,GB,51.3891,0.5486,101187
Suruç,TR,36.9761,38.4253,101178
Huacheng,CN,24.067,115.6131,101165
Ocaña,CO,8.2377,-73.356,101158
Hồng Ngự,VN,10.8,105.35,101155
Daoukro,CI,7.0591,-3.9631,101136
Tokuyama,JP,34.05,131.8167,101133
Ţimā,EG,26.9084,31.4347,101130
Donghae City,KR,37.5439,129.1069,101128
Standerton,ZA,-26.9337,29.2415,101101
Kanoya,JP,31.3833,130.85,101096
Mokopane,ZA,-24.1944,29.0097,101090
Dikirnis,EG,31.089,31.5948,101082
New Bedford,US,41.6353,-70.927,101079
Lāhījān,IR,37.2042,50.0092,101073
Leuven,BE,50.8796,4.7009,101032
Mezhdurechensk,RU,53.6899,88.0622,101026
Bānswāra,IN,23.5411,74.4425,101017
Jolo,PH,6.0522,121.0022,101002
Ryazanskiy,RU,55.7333,37.7667,101000
Novyye Cherëmushki,RU,55.7,37.5833,101000
Elbasan,AL,41.1114,20.0822,100903
Pechersk,UA,50.4444,30.5235,100900
Ijok,MY,3.3167,101.4,100899
Vista,US,33.2,-117.2425,100890
Davie,US,26.0629,-80.2331,100882
Errachidia,MA,31.9314,-4.4266,100870
Twifu Praso,GH,5.6141,-1.5502,100851
Red Deer,CA,52.2668,-113.802,100844
Solikamsk,RU,59.6669,56.7427,100812
El Progreso,HN,15.4,-87.8,100810
Chirmiri,IN,23.1907,82.3531,100800
Barra do Piraí,BR,-22.47,-43.8256,100764
Chikusei,JP,36.316,139.9824,100753
Sungailiat,ID,-1.8544,106.1222,100750
Arezzo,IT,43.4628,11.8807,100734
Újpest,HU,47.5686,19.0846,100694
Calasiao,PH,16.0111,120.36,100686
Glazov,RU,58.14,52.6562,100676
Rosarito,MX,32.3604,-117.0464,100660
Kallithéa,GR,37.95,23.7,100641
Ahar,IR,38.4774,47.0699,100641
Juan Díaz,PA,9.0406,-79.4408,100636
Yên Bái,VN,21.7229,104.9113,100631
Grogol,ID,-7.6011,110.8186,100613
Nāḩiyat al Iskandarīyah,IQ,32.8873,44.3462,100600
Puerto Barrios,GT,15.7272,-88.5979,100593
Bakwa,CD,4.1263,27.3953,100575
Itārsi,IN,22.6148,77.7622,100574
Chinatown,US,37.7966,-122.4086,100574
Votuporanga,BR,-20.4228,-49.9728,100568
Si Maha Phot,TH,13.9656,101.5135,100563
Hà Tiên,VN,10.3831,104.4875,100560
Oleksiyivka,UA,50.0452,36.1932,100500
Masjed Soleymān,IR,31.9364,49.3039,100497
Los Rastrojos,VE,10.0259,-69.2417,100497
Vasco da Gama,IN,15.3958,73.8157,100485
Barakaldo,ES,43.2964,-2.9881,100435
Lianjiang,CN,21.6467,110.2817,100341
Oleksandrivskyi,UA,47.9679,37.8034,100330
Ermelo,ZA,-26.5333,29.9833,100324
Klagenfurt am Wörthersee,AT,46.6247,14.3053,100316
Linxi,CN,39.7118,118.4495,100316
Tiébo,SN,14.6333,-16.2333,100289
Gangtok,IN,27.3257,88.6122,100286
Datia,IN,25.6731,78.4591,100284
Sakado,JP,35.9569,139.3889,100275
Sakata,JP,38.9167,139.855,100273
Ust’-Ilimsk,RU,58.0006,102.6619,100271
Girona,ES,41.9831,2.8249,100266
Renton,US,47.4829,-122.2171,100242
Chust,UZ,41.0033,71.2379,100200
Kalmunai,LK,7.409,81.8347,100171
Udine,IT,46.0693,13.2371,100170
Xinzhai,CN,36.4,118.6167,100168
Phagwāra,IN,31.2245,75.7739,100146
Izumisano,JP,34.4167,135.3167,100131
Trier,DE,49.7557,6.6394,100129
Ginowan,JP,26.2627,127.7615,100125
Inda Silasē,ET,14.1031,38.2829,100100
Negara,ID,-8.3569,114.6169,100074
Caçapava,BR,-23.1008,-45.7069,100071
Qaşr Bin Ghashīr,LY,32.6833,13.1833,100069
Renala Khurd,PK,30.8788,73.5986,100054
Punta Cana,DO,18.5818,-68.4043,100023
Roanoke,US,37.271,-79.9414,100011
Kangding,CN,30.0022,101.9569,100000
Alamar,CU,23.1579,-82.2784,100000
Becontree,GB,51.5529,0.129,100000
Sumedang Utara,ID,-6.85,107.9167,100000
Jaffa,IL,32.0504,34.7522,100000
Airoli,IN,19.151,72.9963,100000
Shahrak-e Pardīsān,IR,34.5573,50.802,100000
P’yŏngsŏng,KP,39.2464,125.8719,100000
Tājūrā’,LY,32.8817,13.3506,100000
Colonia Lindavista,MX,19.4916,-99.1248,100000
Sentul,MY,3.1833,101.6833,100000
Seri Manjung,MY,4.1987,100.67,100000
Bandar Mahkota Cheras,MY,3.0542,101.7984,100000
Alasia,NG,6.4749,3.1691,100000
Raja Jang,PK,31.2208,74.2548,100000
Model Town,PK,31.481,74.3256,100000
Subotica,RS,46.1,19.6667,100000
Tekstil’shchiki,RU,55.7003,37.7427,100000
Nyagatare,RW,-1.2952,30.3226,100000
Sabt Alalayah,SA,19.5773,41.9636,100000
Sakiet ez Zit,TN,34.8019,10.7636,100000
